"pathway"	"pval"	"padj"	"log2err"	"ES"	"NES"	"size"	"gene_symbols"
"REACTOME_ABACAVIR_TRANSPORT_AND_METABOLISM"	0.125925925925926	0.559780092592593	0.169570644405628	0.811939424273456	1.3056292490965	3	"Abcb1a, Adh1, Nt5c2"
"REACTOME_ABC_FAMILY_PROTEINS_MEDIATED_TRANSPORT"	0.335640138408304	0.818029198434341	0.0931454575337804	0.61421599224665	1.13393382021671	5	"Abcb1a, Abca6, Abca9, Abca2"
"REACTOME_ABC_TRANSPORTERS_IN_LIPID_HOMEOSTASIS"	0.388888888888889	0.850116250765912	0.0886261133285098	0.693079237713139	1.11449758152772	3	"Abca6, Abca9, Abca2"
"REACTOME_ABERRANT_REGULATION_OF_MITOTIC_G1_S_TRANSITION_IN_CANCER_DUE_TO_RB1_DEFECTS"	0.867924528301887	1	0.0598603117764473	-0.325868532203213	-0.622597876956601	5	"Ccnd2, Cdkn1b, Ccne1, Cdk6"
"REACTOME_ACTIVATED_PKN1_STIMULATES_TRANSCRIPTION_OF_AR_ANDROGEN_RECEPTOR_REGULATED_GENES_KLK2_AND_KLK3"	1.8508028435449e-05	0.000372114402108006	0.575610261071129	-0.840461857140752	-2.10829934706215	15	"H4c12, H2bc15, H2bc7, H4c11, H2bc8, H3c6, H2ac4, H4c6, H3c8, H3c10, H3c2, H2ac13, H2bc3"
"REACTOME_ACTIVATION_OF_AMPK_DOWNSTREAM_OF_NMDARS"	0.109259259259259	0.505435109906655	0.183023938384487	0.823935099240645	1.3249187473418	3	"Tuba4a, Tubb3"
"REACTOME_ACTIVATION_OF_ANTERIOR_HOX_GENES_IN_HINDBRAIN_DEVELOPMENT_DURING_EARLY_EMBRYOGENESIS"	1.78306085251202e-06	0.000186008475547322	0.643551836150722	-0.853814693509282	-2.15796964931512	16	"H4c12, H2bc15, H2bc7, H4c11, H2bc8, H3c6, H2ac4, H4c6, H3c8, H3c10, H3c2, H2ac13, Wdr5, H2bc3"
"REACTOME_ACTIVATION_OF_KAINATE_RECEPTORS_UPON_GLUTAMATE_BINDING"	0.833333333333333	1	0.0504983044100709	0.436195485247045	0.701418808887121	3	"Gng7, Gng12"
"REACTOME_ACTIVATION_OF_MATRIX_METALLOPROTEINASES"	0.320843091334895	0.807404540763674	0.114750719227023	-0.558715999652372	-1.14409663086123	6	"Mmp16, Mmp9"
"REACTOME_ACTIVATION_OF_NMDA_RECEPTORS_AND_POSTSYNAPTIC_EVENTS"	0.289075630252101	0.766085600907029	0.10027910675413	0.569909392759072	1.1752583683191	8	"Tuba4a, Tubb3, Camk2d, Cask"
"REACTOME_ACTIVATION_OF_RAC1"	0.354978354978355	0.821021811916003	0.103197466945307	-0.690711615580741	-1.1507783868042	3	"Slit2, Robo1"
"REACTOME_ADAPTIVE_IMMUNE_SYSTEM"	0.504702194357367	0.892325658992326	0.0662842187012672	0.342349446632536	0.970629180373008	32	"Blnk, Tuba4a, Lnx1, Tubb3, Map3k8, Icam1, Nfkb1, Socs3, H2-D1, Pak3, Xdh"
"REACTOME_ADHERENS_JUNCTIONS_INTERACTIONS"	0.129757785467128	0.562530894710826	0.160801401070022	0.739337821509428	1.36492727470083	5	"Cdh9, Nectin2"
"REACTOME_ADORA2B_MEDIATED_ANTI_INFLAMMATORY_CYTOKINES_PRODUCTION"	0.379194630872483	0.839435637456077	0.0845557442441281	0.556886869659355	1.10808980013264	7	"Rln1, Gng7, Il6, Adm"
"REACTOME_ADP_SIGNALLING_THROUGH_P2Y_PURINOCEPTOR_12"	0.865800865800866	1	0.0559428593065705	-0.379727130821255	-0.632654446769165	3	"Gnai1"
"REACTOME_ADRENALINE_NORADRENALINE_INHIBITS_INSULIN_SECRETION"	0.865800865800866	1	0.0559428593065705	-0.379727130821255	-0.632654446769165	3	"Gnai1"
"REACTOME_AGGREPHAGY"	0.180327868852459	0.630794009370817	0.138022242496643	0.741904018391072	1.2777946312992	4	"Tuba4a, Tubb3"
"REACTOME_AMINO_ACID_TRANSPORT_ACROSS_THE_PLASMA_MEMBRANE"	0.0133919288005767	0.0865909941764564	0.380730400722792	-0.885906215511813	-1.62412077333057	4	"Slc38a4"
"REACTOME_AMYLOID_FIBER_FORMATION"	3.35834285791809e-06	0.000186008475547322	0.627256739718528	-0.845140423741714	-2.13604590985422	16	"H4c12, H2bc15, H2bc7, H4c11, H2bc8, H3c6, H2ac4, H4c6, H3c8, H3c10, H3c2, H2ac13, H2bc3"
"REACTOME_ANCHORING_FIBRIL_FORMATION"	0.813852813852814	1	0.0588438169595807	-0.40320962888666	-0.671778084814717	3	"Tll1, Col4a3, Col4a4"
"REACTOME_ANCHORING_OF_THE_BASAL_BODY_TO_THE_PLASMA_MEMBRANE"	0.201388888888889	0.656692470091485	0.126253987849115	0.660713030298232	1.26494293727856	6	"Tuba4a, Tubb4a, Cep89, Ywhag, Pafah1b1, Hsp90aa1"
"REACTOME_ANTIGEN_PROCESSING_CROSS_PRESENTATION"	0.753703703703704	1	0.0551351763385257	0.494863862526269	0.795759774583331	3	"H2-D1, Cyba, Cd36"
"REACTOME_ANTIGEN_PROCESSING_UBIQUITINATION_PROTEASOME_DEGRADATION"	0.963541666666667	1	0.0409055783172035	0.275039421252448	0.526566235918533	6	"Lnx1, Socs3"
"REACTOME_ANTIVIRAL_MECHANISM_BY_IFN_STIMULATED_GENES"	0.465367965367965	0.866021848329169	0.0873098257637931	-0.635987948987435	-1.05960457223137	3	"Eif4a2, Nup107"
"REACTOME_ANTI_INFLAMMATORY_RESPONSE_FAVOURING_LEISHMANIA_PARASITE_INFECTION"	0.379194630872483	0.839435637456077	0.0845557442441281	0.556886869659355	1.10808980013264	7	"Rln1, Gng7, Il6, Adm"
"REACTOME_APC_C_MEDIATED_DEGRADATION_OF_CELL_CYCLE_PROTEINS"	0.959259259259259	1	0.0440640346597561	0.33145762719842	0.532996378755257	3	"Rb1, Ccna2, Anapc1"
"REACTOME_APOPTOSIS"	0.0640394088669951	0.334297464635965	0.282013350011725	-0.713996058471701	-1.51833055644637	7	"H1f3, H1f5"
"REACTOME_APOPTOSIS_INDUCED_DNA_FRAGMENTATION"	0.00613245297827208	0.0430785894399607	0.407017918923954	-0.940856924988565	-1.56753960687568	3	"H1f3, H1f5"
"REACTOME_APOPTOTIC_EXECUTION_PHASE"	0.0213017943792891	0.130330333352855	0.352487857583619	-0.870697154718061	-1.59623819259519	4	"H1f3, H1f5"
"REACTOME_AQUAPORIN_MEDIATED_TRANSPORT"	0.607407407407407	0.948333333333333	0.0653834195468773	0.577556246419177	0.928732249943434	3	"Gng7, Gng12"
"REACTOME_ARACHIDONIC_ACID_METABOLISM"	0.390625	0.850116250765912	0.0847985102819124	0.579031463763124	1.10856260882069	6	"Cyp2u1, Cyp1b1, Ptgs2, Ptges"
"REACTOME_ASPARAGINE_N_LINKED_GLYCOSYLATION"	0.624382207578254	0.953910953162777	0.0584693210386381	0.359620317521337	0.890463240879319	18	"St6galnac5, Tuba4a, Tubb3, B4galt3, St3gal6"
"REACTOME_ASSEMBLY_AND_CELL_SURFACE_PRESENTATION_OF_NMDA_RECEPTORS"	0.199652777777778	0.656661448298009	0.126875729929857	0.661333874033492	1.26613154997736	6	"Tuba4a, Tubb3, Camk2d, Cask"
"REACTOME_ASSEMBLY_OF_COLLAGEN_FIBRILS_AND_OTHER_MULTIMERIC_STRUCTURES"	0.625322997416021	0.953910953162777	0.0808589150280032	-0.349008930205654	-0.875489224668305	15	"Mmp9, Col14a1, Col5a3, Col12a1, Pxdn"
"REACTOME_ASSOCIATION_OF_TRIC_CCT_WITH_TARGET_PROTEINS_DURING_BIOSYNTHESIS"	0.463203463203463	0.866021848329169	0.0875697115548511	-0.63691073219659	-1.06114199964514	3	"Cct7, Cct6a, Ccne1"
"REACTOME_ATTENUATION_PHASE"	0.812807881773399	1	0.0650877566917313	-0.31974874988651	-0.679953749853169	7	"Hsph1, Serpinh1, Hspa8, Hspa1b"
"REACTOME_AURKA_ACTIVATION_BY_TPX2"	0.21875	0.683894230769231	0.120433371642259	0.651131155073983	1.2465983234523	6	"Tuba4a, Tubb4a, Ywhag, Pafah1b1, Hmmr, Hsp90aa1"
"REACTOME_AUTOPHAGY"	0.231543624161074	0.697081069564291	0.114266502484433	0.62543490586464	1.24448622798281	7	"Tuba4a, Slc38a9, Tubb3"
"REACTOME_A_TETRASACCHARIDE_LINKER_SEQUENCE_IS_REQUIRED_FOR_GAG_SYNTHESIS"	0.355971896955504	0.821021811916003	0.107972360317345	-0.543443685634138	-1.11282313408543	6	"Gpc3, Sdc3, Gpc6"
"REACTOME_BASE_EXCISION_REPAIR"	0.000235930035385088	0.00253290924781349	0.518848077743792	-0.87682519075192	-2.00609430287057	9	"H4c12, H2bc15, H2bc7, H4c11, H2bc8, H2ac4, H4c6"
"REACTOME_BASE_EXCISION_REPAIR_AP_SITE_FORMATION"	0.000235930035385088	0.00253290924781349	0.518848077743792	-0.87682519075192	-2.00609430287057	9	"H4c12, H2bc15, H2bc7, H4c11, H2bc8, H2ac4, H4c6"
"REACTOME_BASIGIN_INTERACTIONS"	0.344444444444444	0.820037192003719	0.0956031492204301	0.70689389702444	1.13671207527432	3	"Slc16a3, Atp1b1, Itga6"
"REACTOME_BETA_CATENIN_INDEPENDENT_WNT_SIGNALING"	0.857493857493858	1	0.0623861492893626	-0.299417940773088	-0.66046978241852	8	"Wnt5a, Plcb1"
"REACTOME_BINDING_AND_UPTAKE_OF_LIGANDS_BY_SCAVENGER_RECEPTORS"	0.519704433497537	0.892325658992326	0.0883594442500905	-0.454990688499207	-0.967549130068898	7	"Hsph1, Hyou1, Hsp90aa1"
"REACTOME_BIOLOGICAL_OXIDATIONS"	0.00286136057993132	0.0225226671736344	0.431707695803346	0.720701270829478	1.7236736171256	15	"Cyp2f2, Maob, Adh1, Cyp4v3, Cyp2u1, Cyp1b1, Aldh1a1"
"REACTOME_BIOSYNTHESIS_OF_SPECIALIZED_PRORESOLVING_MEDIATORS_SPMS"	0.616666666666667	0.948333333333333	0.0646484568421928	0.570712136409228	0.917726662647287	3	"Ptgs2, Cyp2d22, Hpgd"
"REACTOME_BIOSYNTHESIS_OF_THE_N_GLYCAN_PRECURSOR_DOLICHOL_LIPID_LINKED_OLIGOSACCHARIDE_LLO_AND_TRANSFER_TO_A_NASCENT_PROTEIN"	0.183333333333333	0.630794009370817	0.138022242496643	0.782663562989435	1.25855255883834	3	"St6galnac5, St3gal6"
"REACTOME_BMAL1_CLOCK_NPAS2_ACTIVATES_CIRCADIAN_GENE_EXPRESSION"	0.93598615916955	1	0.042077210988939	0.314572864321608	0.580748163967494	5	"Bhlhe40, Noct, Bhlhe41, Clock, Med1"
"REACTOME_B_WICH_COMPLEX_POSITIVELY_REGULATES_RRNA_EXPRESSION"	8.05115605143737e-06	0.000223190925699129	0.593325476396405	-0.854045174843612	-2.14237311210046	15	"H4c12, H2bc15, H2bc7, H4c11, H2bc8, H3c6, H2ac4, H4c6, H3c8, H3c10, H3c2, H2ac13, H2bc3"
"REACTOME_CA2_PATHWAY"	0.779859484777518	1	0.0646484568421928	-0.347703753229582	-0.712001612367071	6	"Wnt5a, Plcb1"
"REACTOME_CARBOXYTERMINAL_POST_TRANSLATIONAL_MODIFICATIONS_OF_TUBULIN"	0.190311418685121	0.644566650189488	0.130105630751129	0.699721700022698	1.29179003870132	5	"Tuba4a, Tubb3, Agbl3"
"REACTOME_CARDIAC_CONDUCTION"	0.0486111111111111	0.271173747276688	0.271288554688953	0.760848244737483	1.4566529936409	6	"Atp1a3, Scn7a, Kcne4"
"REACTOME_CARGO_CONCENTRATION_IN_THE_ER"	0.326839826839827	0.812104198567081	0.108394255853397	-0.701103309929789	-1.16809174449126	3	"Mia2, Lman2, Preb"
"REACTOME_CARGO_RECOGNITION_FOR_CLATHRIN_MEDIATED_ENDOCYTOSIS"	0.78125	1	0.0504983044100709	0.386272708938179	0.739523685213621	6	"Sgip1, Agtr1a, Egfr"
"REACTOME_CA_DEPENDENT_EVENTS"	0.744990892531876	1	0.0549073703290958	0.459744424249514	0.791826088703172	4	"Pde1a, Camk2d"
"REACTOME_CD209_DC_SIGN_SIGNALING"	0.743944636678201	1	0.0525898950623616	0.417384015156449	0.770552797025978	5	"Rps6ka5, Nfkb1, Pak3"
"REACTOME_CD28_CO_STIMULATION"	0.408014571948998	0.863049410553829	0.0850427463764322	0.624497991967871	1.0755841208735	4	"Map3k8, Pak3, Rictor, Pik3r1"
"REACTOME_CD28_DEPENDENT_PI3K_AKT_SIGNALING"	0.522222222222222	0.892325658992326	0.0728938564822936	0.623871614844534	1.00320911101338	3	"Map3k8, Rictor, Pik3r1"
"REACTOME_CDC42_GTPASE_CYCLE"	0.944303797468354	1	0.059221919380382	-0.228893805073155	-0.600029888632932	18	"Iqgap2, Vav2, Prex1"
"REACTOME_CELLULAR_RESPONSES_TO_EXTERNAL_STIMULI"	0.00798466463990862	0.0547382431338314	0.380730400722792	-0.449138399142402	-1.5669328451047	61	"H4c12, H2bc15, H2bc7, H1f3, H1f5, H4c11, H2bc8, H3c6, H2ac4, Hsph1, H4c6, H3c8, H3c10, Serpinh1, H3c2"
"REACTOME_CELLULAR_RESPONSE_TO_CHEMICAL_STRESS"	0.434027777777778	0.866021848329169	0.0791316651768349	0.550943187659405	1.05478727089268	6	"Gpx3, Nox4, Sod2, Prdx5, Cyba"
"REACTOME_CELLULAR_RESPONSE_TO_HEAT_STRESS"	0.659033078880407	0.971677393907883	0.077274697304471	-0.345881677817457	-0.849955175791533	13	"Hsph1, Serpinh1, Akt1s1, Hspa8, Hspa1b, Mapkapk2, Nup107, Hspa5, Hsp90aa1"
"REACTOME_CELLULAR_SENESCENCE"	3.52565363367826e-05	0.000607908156837251	0.557332238758646	-0.719932439580678	-2.1210511862443	29	"H4c12, H2bc15, H2bc7, H1f3, H1f5, H4c11, H2bc8, H3c6, H2ac4, H4c6, H3c8, H3c10, H3c2, H2ac13, H2bc3"
"REACTOME_CELL_CELL_COMMUNICATION"	0.323155216284987	0.807404540763674	0.119887845115423	-0.446801980138367	-1.10933735981014	14	"Sdk2"
"REACTOME_CELL_CELL_JUNCTION_ORGANIZATION"	0.302211302211302	0.791141797784855	0.122107920287081	-0.524760737799949	-1.1575412262259	8	"Sdk2"
"REACTOME_CELL_CYCLE"	0.000338789022477762	0.00345437321969852	0.49849310876659	-0.556903898865981	-1.85148741992774	50	"H4c12, H2bc15, H2bc7, H4c11, H2bc8, H3c6, H2ac4, H4c6, H3c8, H3c10, Ccnd2, H3c2, Zw10, Bub1, H2ac13, Exo1, H2bc3, Birc5, Lmnb1"
"REACTOME_CELL_CYCLE_CHECKPOINTS"	0.000279278365117764	0.00294276647688903	0.49849310876659	-0.675968968751209	-1.98346969128881	27	"H4c12, H2bc15, H2bc7, H4c11, H2bc8, H4c6, Zw10, Bub1, Exo1, H2bc3"
"REACTOME_CELL_CYCLE_MITOTIC"	0.00110035849351399	0.00920741151190383	0.45505986738723	-0.586218173780612	-1.89902337919086	43	"H4c12, H2bc15, H2bc7, H4c11, H2bc8, H3c6, H2ac4, H4c6, H3c8, H3c10, Ccnd2, H3c2, Zw10, Bub1, H2ac13, H2bc3, Birc5, Lmnb1"
"REACTOME_CELL_DEATH_SIGNALLING_VIA_NRAGE_NRIF_AND_NADE"	0.250585480093677	0.717297560466693	0.132147260608774	-0.601388894496909	-1.23147897761899	6	"Vav2, Prex1, Trio"
"REACTOME_CELL_JUNCTION_ORGANIZATION"	0.28428927680798	0.759439429595027	0.127505315300183	-0.493839791288897	-1.16733067302696	11	"Sdk2"
"REACTOME_CELL_SURFACE_INTERACTIONS_AT_THE_VASCULAR_WALL"	0.785536159600998	1	0.0673623868166279	-0.311311497160816	-0.735873183797727	11	"Tspan7, Sdc3"
"REACTOME_CGMP_EFFECTS"	0.565743944636678	0.926264084706415	0.0655321029282414	0.512661150816725	0.946448520651452	5	"Pde1a, Pde11a"
"REACTOME_CHEMOKINE_RECEPTORS_BIND_CHEMOKINES"	0.0673952641165756	0.345476624165149	0.234392647294686	0.811944801475649	1.39842713143251	4	"Cxcl13, Cxcl12, Ccl11, Cxcl1"
"REACTOME_CHONDROITIN_SULFATE_BIOSYNTHESIS"	0.942604856512141	1	0.0529129848430583	-0.295888993539208	-0.542449587318075	4	"Chpf, Cspg4"
"REACTOME_CHONDROITIN_SULFATE_DERMATAN_SULFATE_METABOLISM"	0.265356265356265	0.740162601626016	0.131457611642763	-0.540292315968803	-1.1918014914168	8	"Gpc3, Sdc3, Chpf, Gpc6"
"REACTOME_CHROMATIN_MODIFYING_ENZYMES"	2.08512177282885e-06	0.000186008475547322	0.627256739718528	-0.766559481899394	-2.24928594241004	27	"H4c12, H2bc15, H2ac15, H2bc7, H2ac7, H4c11, H2bc8, H2ac8, H3c6, H2ac4, H4c6, H3c8, H3c10, H3c2, H2ac13, Wdr5, H2bc3"
"REACTOME_CHROMOSOME_MAINTENANCE"	0.000153186308757439	0.00192463167913553	0.518848077743792	-0.801829056822283	-2.01138893168209	15	"H4c12, H2bc15, H2bc7, H4c11, H2bc8, H2ac4, H4c6"
"REACTOME_CILIUM_ASSEMBLY"	0.379831932773109	0.839435637456077	0.0845557442441281	0.534261199286768	1.10174521302444	8	"Tuba4a, Tubb3, Ttc21b"
"REACTOME_CIRCADIAN_CLOCK"	0.47563025210084	0.867415427709545	0.0727141077934447	0.491561122302903	1.01368977221093	8	"Crem, Bhlhe40, Rora, Sik1, Noct"
"REACTOME_CLASS_A_1_RHODOPSIN_LIKE_RECEPTORS"	0.00288955132456118	0.0225226671736344	0.431707695803346	0.75044385992787	1.72209023674948	13	"Cnr1, Cxcl13, Ptgfr, Rln1, Penk, Cxcl12, Ccl11, F2r, Agtr1a"
"REACTOME_CLASS_B_2_SECRETIN_FAMILY_RECEPTORS"	0.490338164251208	0.878718773504889	0.0905428948469474	-0.427083403317738	-0.977127016060713	9	"Cd55, Adgre5, Wnt5a"
"REACTOME_CLASS_I_MHC_MEDIATED_ANTIGEN_PROCESSING_PRESENTATION"	0.987972508591065	1	0.0392758570896778	0.23041423617191	0.495401156532174	10	"Lnx1, Socs3, H2-D1"
"REACTOME_CLATHRIN_MEDIATED_ENDOCYTOSIS"	0.824742268041237	1	0.0475434194201301	0.331321547962458	0.712356496593252	10	"Sgip1, Agtr1a, Egfr"
"REACTOME_COLLAGEN_BIOSYNTHESIS_AND_MODIFYING_ENZYMES"	0.083969465648855	0.415466312645204	0.248911114434702	-0.600217257482568	-1.49024278612641	14	"Col14a1, P4ha3, Serpinh1, Col5a3, Adamts14, Col12a1"
"REACTOME_COLLAGEN_CHAIN_TRIMERIZATION"	0.227053140096618	0.692405158570855	0.142056643575821	-0.545808526085522	-1.24875902994915	9	"Col14a1, Col5a3, Col12a1"
"REACTOME_COLLAGEN_DEGRADATION"	0.659033078880407	0.971677393907883	0.077274697304471	-0.345903947075629	-0.850009899335619	13	"Mmp9, Col14a1"
"REACTOME_COLLAGEN_FORMATION"	0.348167539267016	0.821021811916003	0.116739204791222	-0.409061276345769	-1.10367493494694	20	"Mmp9, Col14a1, P4ha3, Serpinh1, Col5a3, Adamts14, Col12a1, Pxdn"
"REACTOME_COMMON_PATHWAY_OF_FIBRIN_CLOT_FORMATION"	0.266666666666667	0.740162601626016	0.11146266692298	0.74222668004012	1.19352852435675	3	"Serpine2, F2r, Pros1"
"REACTOME_COMPLEMENT_CASCADE"	0.25	0.717297560466693	0.110122263835536	0.581597424917805	1.22093121420901	9	"Cfh, C7, Cfb, Serping1, Pros1"
"REACTOME_CONDENSATION_OF_PROPHASE_CHROMOSOMES"	2.21017166402942e-05	0.000405673444139594	0.575610261071129	-0.836591568696904	-2.09859072491615	15	"H4c12, H2bc15, H2bc7, H4c11, H2bc8, H3c6, H2ac4, H4c6, H3c8, H3c10, H3c2, H2ac13, H2bc3"
"REACTOME_CONSTITUTIVE_SIGNALING_BY_ABERRANT_PI3K_IN_CANCER"	0.784013605442177	1	0.0493910105981501	0.35686941702703	0.749165990042768	9	"Fgf7, Egfr, Pdgfra, Rhog, Fgf2, Fgfr1, Pik3r1"
"REACTOME_CONSTITUTIVE_SIGNALING_BY_AKT1_E17K_IN_CANCER"	1	1	0.0414044273760278	0.220223823547077	0.379295451213346	4	"Nr4a1, Rictor"
"REACTOME_CONSTITUTIVE_SIGNALING_BY_EGFRVIII"	0.935185185185185	1	0.0452247443372884	0.360932287082216	0.580392744667518	3	"Egfr, Pik3r1"
"REACTOME_CONSTITUTIVE_SIGNALING_BY_LIGAND_RESPONSIVE_EGFR_CANCER_VARIANTS"	0.935185185185185	1	0.0452247443372884	0.360932287082216	0.580392744667518	3	"Egfr, Pik3r1"
"REACTOME_COOPERATION_OF_PDCL_PHLP1_AND_TRIC_CCT_IN_G_PROTEIN_BETA_FOLDING"	0.666666666666667	0.975149957155098	0.0601186142531851	0.505305094109249	0.870296049644235	4	"Gng7, Gng12"
"REACTOME_COOPERATION_OF_PREFOLDIN_AND_TRIC_CCT_IN_ACTIN_AND_TUBULIN_FOLDING"	0.214532871972318	0.674415492553863	0.121543282035469	0.687069467204033	1.26843214037982	5	"Tuba4a, Tubb3"
"REACTOME_COPI_DEPENDENT_GOLGI_TO_ER_RETROGRADE_TRAFFIC"	0.211072664359862	0.674415492553863	0.122679189568808	0.689644084437278	1.27318526565129	5	"Tuba4a, Tubb3, Kif21a"
"REACTOME_COPI_INDEPENDENT_GOLGI_TO_ER_RETROGRADE_TRAFFIC"	0.0536332179930796	0.29064096226726	0.257206466468838	0.780958833660599	1.4417658362258	5	"Tuba4a, Bicd1, Tubb3"
"REACTOME_COPI_MEDIATED_ANTEROGRADE_TRANSPORT"	0.630208333333333	0.954249513783097	0.0605092988656667	0.468104616260833	0.896191842893365	6	"Tuba4a, Tubb3"
"REACTOME_COSTIMULATION_BY_THE_CD28_FAMILY"	0.472318339100346	0.866021848329169	0.0745500777420554	0.558126374095355	1.03038406607867	5	"Map3k8, Pak3, Rictor, Pik3r1"
"REACTOME_CROSSLINKING_OF_COLLAGEN_FIBRILS"	0.647058823529412	0.963812750230983	0.0590954798717342	0.47412563255719	0.875306238480918	5	"Lox, Col4a4, Col4a3"
"REACTOME_CS_DS_DEGRADATION"	0.977777777777778	1	0.0431901998334182	0.313837462557297	0.504662488761023	3	"Dcn, Cspg5"
"REACTOME_CYCLIN_A_CDK2_ASSOCIATED_EVENTS_AT_S_PHASE_ENTRY"	0.998263888888889	1	0.0392758570896778	0.197183098591549	0.37750938225253	6	"Rb1, Myc, Ccne1, Ccna2, Cdkn1b, Cdc25a"
"REACTOME_CYCLIN_D_ASSOCIATED_EVENTS_IN_G1"	0.967213114754098	1	0.0544555953940371	-0.245591691010331	-0.502904206121277	6	"Ccnd2"
"REACTOME_CYTOCHROME_P450_ARRANGED_BY_SUBSTRATE_TYPE"	0.00581980442348446	0.0422571796215787	0.407017918923954	0.799318147693344	1.64834156790789	8	"Cyp2f2, Cyp4v3, Cyp2u1, Cyp1b1, Cyp39a1"
"REACTOME_CYTOKINE_SIGNALING_IN_IMMUNE_SYSTEM"	0.662222222222222	0.973654895205283	0.0508054139066364	0.284225526819298	0.902553415696574	61	"Blnk, Lif, Mmp3, Tnfsf13b, Stx3, Ccl11, Il1rl1, Mt2, Mmp2, Lifr, Il6, Map3k8, Il17ra, Rps6ka5, Icam1, Sod2, Nfkb1, Ptgs2"
"REACTOME_CYTOSOLIC_SENSORS_OF_PATHOGEN_ASSOCIATED_DNA"	0.831481481481481	1	0.0506004243853618	0.439460736517664	0.706669456210207	3	"Nfkb1, Ifi205"
"REACTOME_C_TYPE_LECTIN_RECEPTORS_CLRS"	0.850694444444444	1	0.0466015072985992	0.349902496707071	0.669892482286843	6	"Rps6ka5, Nfkb1, Pak3, Bcl10"
"REACTOME_DAG_AND_IP3_SIGNALING"	0.744990892531876	1	0.0549073703290958	0.459744424249514	0.791826088703172	4	"Pde1a, Camk2d"
"REACTOME_DAP12_INTERACTIONS"	0.675324675324675	0.980254439438113	0.0678338263479455	-0.490222508166473	-0.816748197652071	3	"Vav2"
"REACTOME_DDX58_IFIH1_MEDIATED_INDUCTION_OF_INTERFERON_ALPHA_BETA"	0.557377049180328	0.924628399369115	0.0687943095604775	0.558122773003404	0.961264887735983	4	"Nfkb1, Ikbke, Tnfaip3"
"REACTOME_DEADENYLATION_DEPENDENT_MRNA_DECAY"	0.341991341991342	0.818029198434341	0.105520936843198	-0.695085255767302	-1.15806520591194	3	"Eif4a2, Tnks1bp1, Cnot6"
"REACTOME_DEADENYLATION_OF_MRNA"	0.341991341991342	0.818029198434341	0.105520936843198	-0.695085255767302	-1.15806520591194	3	"Eif4a2, Tnks1bp1, Cnot6"
"REACTOME_DEATH_RECEPTOR_SIGNALLING"	0.821256038647343	1	0.0636424081651019	-0.302046423188752	-0.691054060891855	9	"Vav2, Prex1"
"REACTOME_DEFECTIVE_B4GALT7_CAUSES_EDS_PROGEROID_TYPE"	0.355971896955504	0.821021811916003	0.107972360317345	-0.543443685634138	-1.11282313408543	6	"Gpc3, Sdc3, Gpc6"
"REACTOME_DEFECTIVE_CHST14_CAUSES_EDS_MUSCULOCONTRACTURAL_TYPE"	0.977777777777778	1	0.0431901998334182	0.313837462557297	0.504662488761023	3	"Dcn, Cspg5"
"REACTOME_DEFECTIVE_CHST3_CAUSES_SEDCJD"	0.977777777777778	1	0.0431901998334182	0.313837462557297	0.504662488761023	3	"Dcn, Cspg5"
"REACTOME_DEFECTIVE_CHSY1_CAUSES_TPBS"	0.977777777777778	1	0.0431901998334182	0.313837462557297	0.504662488761023	3	"Dcn, Cspg5"
"REACTOME_DEFECTIVE_EXT2_CAUSES_EXOSTOSES_2"	0.0735930735930736	0.367319814688236	0.245041785430996	-0.86258776328987	-1.43713719636979	3	"Gpc3, Sdc3, Gpc6"
"REACTOME_DEGRADATION_OF_THE_EXTRACELLULAR_MATRIX"	0.303108808290155	0.791141797784855	0.12563992130984	-0.41467195765301	-1.13624569979288	21	"Mmp16, Mmp9, Col14a1, Eln, Col5a3"
"REACTOME_DEPOSITION_OF_NEW_CENPA_CONTAINING_NUCLEOSOMES_AT_THE_CENTROMERE"	0.000162340400785834	0.00192463167913553	0.518848077743792	-0.837677280160653	-2.02388548432186	12	"H4c12, H2bc15, H2bc7, H4c11, H2bc8, H2ac4, H4c6"
"REACTOME_DEREGULATED_CDK5_TRIGGERS_MULTIPLE_NEURODEGENERATIVE_PATHWAYS_IN_ALZHEIMER_S_DISEASE_MODELS"	0.848484848484849	1	0.0568864160475701	-0.390162447999975	-0.650040483427345	3	"Lmnb1, Cdc25a"
"REACTOME_DERMATAN_SULFATE_BIOSYNTHESIS"	0.883424408014572	1	0.0470699590082662	0.381248222820117	0.656630669514874	4	"Dcn, Ust, Cspg5"
"REACTOME_DETOXIFICATION_OF_REACTIVE_OXYGEN_SPECIES"	0.323529411764706	0.807404540763674	0.0952879846194844	0.622158846047327	1.14859750639115	5	"Gpx3, Nox4, Sod2, Prdx5, Cyba"
"REACTOME_DEUBIQUITINATION"	0.000196574609794873	0.00223701905946566	0.518848077743792	-0.747877191204099	-2.01782314308525	20	"H2bc15, H2ac15, H2bc7, H2ac7, H2bc8, H2ac8, Usp13, H2ac4"
"REACTOME_DEVELOPMENTAL_BIOLOGY"	3.87151152668909e-05	0.000647908840790027	0.557332238758646	-0.50256296616227	-1.8362732599507	90	"Gap43, H4c12, H2bc15, H2bc7, H4c11, Ncam1, H2bc8, Slit2, Gfra2, Efna5, Mmp9, Evl, Enah, H3c6, H2ac4, H4c6, Vav2, Efnb2, H3c8, H3c10, Ephb2, Ank3"
"REACTOME_DISEASES_ASSOCIATED_WITH_GLYCOSAMINOGLYCAN_METABOLISM"	0.589371980676328	0.942950312973835	0.080419996876154	-0.394411362096051	-0.902376431281354	9	"Gpc3, Sdc3, Gpc6"
"REACTOME_DISEASES_ASSOCIATED_WITH_O_GLYCOSYLATION_OF_PROTEINS"	0.419243986254296	0.866021848329169	0.080419996876154	0.483819314850384	1.04023367701403	10	"Spon1, Thsd7a, Notch4, Adamts7"
"REACTOME_DISEASES_OF_GLYCOSYLATION"	0.855753646677472	1	0.0431901998334182	0.281950666890353	0.710258914400972	19	"Spon1, Thsd7a, Notch4, Adamts7, Lum, Dcn"
"REACTOME_DISEASES_OF_METABOLISM"	0.451559934318555	0.866021848329169	0.0741758965588009	0.39097717853715	1.01460740306564	22	"Spon1, Thsd7a, Cyp2u1, Notch4, Cyp1b1, Adamts7, Lum, Dcn"
"REACTOME_DISEASES_OF_MITOTIC_CELL_CYCLE"	0.699507389162562	0.987641946485106	0.0725351864394589	-0.385118985404432	-0.81896519801355	7	"Ccnd2, Cdkn1b, Anapc1, Daxx, Ccne1, Cdk6"
"REACTOME_DISEASES_OF_PROGRAMMED_CELL_DEATH"	2.14383740437221e-05	0.000405673444139594	0.575610261071129	-0.78950326010952	-2.10995376881658	19	"H4c12, H2bc15, H2bc7, H4c11, H2bc8, H3c6, H2ac4, H4c6, H3c8, H3c10, H3c2, H2ac13, H2bc3"
"REACTOME_DISEASES_OF_SIGNAL_TRANSDUCTION_BY_GROWTH_FACTOR_RECEPTORS_AND_SECOND_MESSENGERS"	0.976923076923077	1	0.0346410167413251	0.206846256014581	0.594443653134436	35	"Fgf7, Nr4a1, Hdac5, Maml2, Nox4, Egfr, Maml3, Pdgfra, Rhog, Myc, Fgf2, Camk2d, Tgfb1, Rictor, Jak2, Fgfr1, Pik3r1, Erbin"
"REACTOME_DISORDERS_OF_TRANSMEMBRANE_TRANSPORTERS"	0.605704697986577	0.948333333333333	0.0607719451853533	0.451067317690863	0.897530757390944	7	"Cp, Abca1"
"REACTOME_DISSOLUTION_OF_FIBRIN_CLOT"	0.655709342560554	0.971677393907883	0.0584693210386381	0.470927720109869	0.869402417799132	5	"Serpine2, Plau"
"REACTOME_DNA_DAMAGE_TELOMERE_STRESS_INDUCED_SENESCENCE"	4.17483182290817e-05	0.000678708373495643	0.557332238758646	-0.814088171910915	-2.09509725747138	17	"H4c12, H2bc15, H2bc7, H1f3, H1f5, H4c11, H2bc8, H2ac4, H4c6"
"REACTOME_DNA_DOUBLE_STRAND_BREAK_REPAIR"	0.0048532557329494	0.0368200334939761	0.407017918923954	-0.718469838155733	-1.78384489951471	14	"H4c12, H2bc15, H2bc7, H4c11, H2bc8"
"REACTOME_DNA_DOUBLE_STRAND_BREAK_RESPONSE"	0.00480579209904031	0.0368200334939761	0.407017918923954	-0.777922395226549	-1.82342920211619	10	"H4c12, H2bc15, H2bc7, H4c11, H2bc8, H4c6"
"REACTOME_DNA_METHYLATION"	8.62952612544964e-06	0.000223190925699129	0.593325476396405	-0.835048998728049	-2.14904100987332	17	"H4c12, H2bc15, H2bc7, H4c11, H2bc8, H3c6, H2ac4, H4c6, H3c8, H3c10, H3c2, H2ac13, H2bc3"
"REACTOME_DNA_REPAIR"	0.00109310087484097	0.00920741151190383	0.45505986738723	-0.698201582508731	-1.8659493061544	19	"H4c12, H2bc15, H2bc7, H4c11, H2bc8, H2ac4, H4c6, Pclaf, H2ac13, Exo1, H2bc3, Dtl, Polq"
"REACTOME_DNA_REPLICATION"	0.33112582781457	0.815630285828961	0.108820126769161	-0.637550200803213	-1.1688128009886	4	"Anapc1, Ccna2, Cdc45, Ccne1"
"REACTOME_DOWNREGULATION_OF_ERBB2_SIGNALING"	0.944444444444444	1	0.044774889329693	0.349142943688176	0.561435035381909	3	"Egfr, Erbin"
"REACTOME_DOWNSTREAM_SIGNALING_OF_ACTIVATED_FGFR1"	0.522222222222222	0.892325658992326	0.0728938564822936	0.623871614844534	1.00320911101338	3	"Fgf2, Fgfr1, Pik3r1"
"REACTOME_DOWNSTREAM_SIGNALING_OF_ACTIVATED_FGFR2"	0.522222222222222	0.892325658992326	0.0728938564822936	0.623871614844534	1.00320911101338	3	"Fgf7, Fgf2, Pik3r1"
"REACTOME_DOWNSTREAM_SIGNAL_TRANSDUCTION"	0.575757575757576	0.936291005291005	0.0758886900606117	-0.56946720347905	-0.948775921781082	3	"Pdgfa"
"REACTOME_E3_UBIQUITIN_LIGASES_UBIQUITINATE_TARGET_PROTEINS"	0.00594125548282302	0.0422571796215787	0.407017918923954	-0.856834081486461	-1.75456043221542	6	"H2bc15, H2bc7, H2bc8"
"REACTOME_ECM_PROTEOGLYCANS"	0.312977099236641	0.799398825422497	0.122107920287081	-0.469014862436896	-1.13317192013994	12	"Ncam1, Col5a3, Ptprs"
"REACTOME_EGFR_DOWNREGULATION"	0.548148148148148	0.922234108074816	0.0704500850658419	0.612074549046241	0.984238983810172	3	"Egfr, Spry2, Ptprk"
"REACTOME_ELASTIC_FIBRE_FORMATION"	0.863945578231292	1	0.0449543067640062	0.316039994225598	0.663453924238057	9	"Lox, Efemp1, Fbln2, Tgfb1"
"REACTOME_ENDOGENOUS_STEROLS"	0.160291438979964	0.604012111123174	0.147331213699377	0.749743363194008	1.29129647581517	4	"Cyp4v3, Cyp1b1, Cyp39a1"
"REACTOME_EPHA_MEDIATED_GROWTH_CONE_COLLAPSE"	0.0100698656138751	0.0666250410964529	0.380730400722792	-0.931406892510766	-1.55179512989753	3	"Efna5"
"REACTOME_EPHB_MEDIATED_FORWARD_SIGNALING"	0.151515151515152	0.589318080173246	0.166933848713193	-0.79839518555667	-1.33018745152367	3	"Efnb2, Ephb2, Efnb1"
"REACTOME_EPHRIN_SIGNALING"	0.379690949227373	0.839435637456077	0.10027910675413	-0.616357694920157	-1.12996084528388	4	"Efnb2, Ephb2, Efnb1"
"REACTOME_EPH_EPHRIN_MEDIATED_REPULSION_OF_CELLS"	0.0483916867284278	0.271173747276688	0.321775918075361	-0.725820510788465	-1.6010480654486	8	"Efna5, Mmp9, Vav2, Efnb2, Ephb2"
"REACTOME_EPH_EPHRIN_SIGNALING"	0.0454620038080686	0.25867880166791	0.321775918075361	-0.676216141420578	-1.58503247467188	10	"Efna5, Mmp9, Vav2, Efnb2, Ephb2"
"REACTOME_EPIGENETIC_REGULATION_OF_GENE_EXPRESSION"	5.45274736059982e-06	0.00022161523201295	0.610526878385931	-0.804536619299898	-2.1706941045617	20	"H4c12, H2bc15, H2bc7, H4c11, H2bc8, H3c6, H2ac4, H4c6, H3c8, H3c10, H3c2, H2ac13, H2bc3"
"REACTOME_ERCC6_CSB_AND_EHMT2_G9A_POSITIVELY_REGULATE_RRNA_EXPRESSION"	3.59594592446492e-06	0.000186008475547322	0.627256739718528	-0.86395079434076	-2.14505068420478	14	"H4c12, H2bc15, H2bc7, H4c11, H2bc8, H3c6, H2ac4, H4c6, H3c8, H3c10, H3c2, H2ac13, H2bc3"
"REACTOME_ER_TO_GOLGI_ANTEROGRADE_TRANSPORT"	0.753401360544218	1	0.051218434854034	0.372312084854826	0.781584350877641	9	"Tuba4a, Tubb3"
"REACTOME_ESR_MEDIATED_SIGNALING"	0.00183617635107128	0.0147152724473177	0.45505986738723	-0.619886288530996	-1.82629712920153	29	"H4c12, H2bc15, H2bc7, H4c11, H2bc8, Mmp9, H3c6, Gnai1, H2ac4, H4c6, H3c8, H3c10, H3c2, H2ac13, H2bc3"
"REACTOME_ESTROGEN_DEPENDENT_GENE_EXPRESSION"	8.01558001759736e-05	0.00108592024524117	0.538434096309916	-0.761093916536888	-2.05348276015335	20	"H4c12, H2bc15, H2bc7, H4c11, H2bc8, H3c6, H2ac4, H4c6, H3c8, H3c10, H3c2, H2ac13, H2bc3"
"REACTOME_EUKARYOTIC_TRANSLATION_INITIATION"	0.443722943722944	0.866021848329169	0.0899860794997137	-0.649949849548646	-1.08286616656701	3	"Eif4a2, Eif3j1, Eif2b1"
"REACTOME_EXTRACELLULAR_MATRIX_ORGANIZATION"	0.168115942028985	0.621155655938265	0.184706471207739	-0.355983244524408	-1.17367422524881	47	"Mmp16, Ncam1, Mmp9, Col14a1, Pdgfa, P4ha3, Sdc3, Serpinh1, Eln, Col5a3, Ptprs"
"REACTOME_EXTRA_NUCLEAR_ESTROGEN_SIGNALING"	0.752577319587629	1	0.0517405459873163	0.358711983855943	0.771247187745813	10	"Mmp3, Gng7, Mmp2, Egfr"
"REACTOME_FACTORS_INVOLVED_IN_MEGAKARYOCYTE_DEVELOPMENT_AND_PLATELET_PRODUCTION"	0.60559796437659	0.948333333333333	0.0817515582532145	-0.364929950254493	-0.881695668017542	12	"H3c6, H3c8, H3c10, H3c2, Akap1"
"REACTOME_FATTY_ACID_METABOLISM"	0.192953020134228	0.646590909090909	0.126875729929857	0.652885200786514	1.29910664277579	7	"Cyp2u1, Cyp1b1, Acot6, Ptgs2"
"REACTOME_FCGAMMA_RECEPTOR_FCGR_DEPENDENT_PHAGOCYTOSIS"	0.770419426048565	1	0.0623861492893626	-0.386583443725899	-0.708718587348626	4	"Vav2"
"REACTOME_FC_EPSILON_RECEPTOR_FCERI_SIGNALING"	0.783664459161148	1	0.0615706755421678	-0.382338586587182	-0.700936543901931	4	"Vav2"
"REACTOME_FGFR1_MUTANT_RECEPTOR_ACTIVATION"	0.910377358490566	1	0.057609110864425	-0.298492462311558	-0.570293707300442	5	"Trim24, Lrrfip1, Pik3r1, Fgfr1, Fgf2"
"REACTOME_FLT3_SIGNALING"	0.686147186147186	0.982895607073239	0.0670512579829467	-0.484715773670768	-0.807573556750459	3	"Ptprj, Cdkn1b"
"REACTOME_FORMATION_OF_FIBRIN_CLOT_CLOTTING_CASCADE"	0.1280276816609	0.562530894710826	0.161978948883402	0.743718592964824	1.37301482854935	5	"Serpine2, Serping1, F2r, F3, Pros1"
"REACTOME_FORMATION_OF_SENESCENCE_ASSOCIATED_HETEROCHROMATIN_FOCI_SAHF"	0.0683962264150943	0.347477257412399	0.266350657088526	-0.787076657581124	-1.50377286416388	5	"H1f3, H1f5"
"REACTOME_FORMATION_OF_THE_BETA_CATENIN_TCF_TRANSACTIVATING_COMPLEX"	1.42149970204958e-05	0.000323533332186485	0.593325476396405	-0.845296641507435	-2.12042740812389	15	"H4c12, H2bc15, H2bc7, H4c11, H2bc8, H3c6, H2ac4, H4c6, H3c8, H3c10, H3c2, H2ac13, H2bc3"
"REACTOME_FORMATION_OF_TUBULIN_FOLDING_INTERMEDIATES_BY_CCT_TRIC"	0.214532871972318	0.674415492553863	0.121543282035469	0.687069467204033	1.26843214037982	5	"Tuba4a, Tubb3"
"REACTOME_FOXO_MEDIATED_TRANSCRIPTION"	0.633217993079585	0.954249513783097	0.0601186142531851	0.479577250705454	0.885370734148984	5	"Abca6, Sod2, Bcl6"
"REACTOME_G0_AND_EARLY_G1"	0.93598233995585	1	0.0532386494755899	-0.298668367316258	-0.547544978465714	4	"Cdc25a, Ccna2, Ccne1"
"REACTOME_G1_S_DNA_DAMAGE_CHECKPOINTS"	0.33112582781457	0.815630285828961	0.108820126769161	-0.637550200803213	-1.1688128009886	4	"Cdc25a, Cdkn1b, Ccna2, Ccne1"
"REACTOME_G1_S_SPECIFIC_TRANSCRIPTION"	0.463203463203463	0.866021848329169	0.0875697115548511	-0.63691073219659	-1.06114199964514	3	"Cdc25a, Cdc45, Ccne1"
"REACTOME_G2_M_CHECKPOINTS"	0.000412906200379812	0.00391572713360188	0.49849310876659	-0.80396354368614	-1.9756264032707	13	"H4c12, H2bc15, H2bc7, H4c11, H2bc8, H4c6"
"REACTOME_G2_M_DNA_DAMAGE_CHECKPOINT"	0.000506541806904466	0.00464874658272002	0.477270815362862	-0.831244376691875	-1.96488228532794	11	"H4c12, H2bc15, H2bc7, H4c11, H2bc8, H4c6"
"REACTOME_GABA_B_RECEPTOR_ACTIVATION"	0.865800865800866	1	0.0559428593065705	-0.379727130821255	-0.632654446769165	3	"Gnai1"
"REACTOME_GABA_RECEPTOR_ACTIVATION"	0.865800865800866	1	0.0559428593065705	-0.379727130821255	-0.632654446769165	3	"Gnai1"
"REACTOME_GAMMA_CARBOXYLATION_HYPUSINE_FORMATION_AND_ARYLSULFATASE_ACTIVATION"	0.768867924528302	1	0.0656813601934011	-0.377943772862528	-0.722091786531996	5	"Arsi, Dph5"
"REACTOME_GAP_JUNCTION_ASSEMBLY"	0.14207650273224	0.572434607645875	0.157402899305283	0.761695847236745	1.31188245400359	4	"Tuba4a, Tubb3, Gja1"
"REACTOME_GAP_JUNCTION_TRAFFICKING_AND_REGULATION"	0.14207650273224	0.572434607645875	0.157402899305283	0.761695847236745	1.31188245400359	4	"Tuba4a, Tubb3, Gja1"
"REACTOME_GENERATION_OF_SECOND_MESSENGER_MOLECULES"	0.136363636363636	0.569200158297423	0.176694268938498	-0.809492947845918	-1.34867717240902	3	"Evl, Enah"
"REACTOME_GENE_AND_PROTEIN_EXPRESSION_BY_JAK_STAT_SIGNALING_AFTER_INTERLEUKIN_12_STIMULATION"	0.975717439293598	1	0.0513223330421143	-0.25805523840688	-0.473089437713508	4	"Lmnb1, Anxa2"
"REACTOME_GENE_SILENCING_BY_RNA"	1.62658890402415e-05	0.000355972725534515	0.575610261071129	-0.82952178015255	-2.1348164321451	17	"H4c12, H2bc15, H2bc7, H4c11, H2bc8, H3c6, H2ac4, H4c6, H3c8, H3c10, H3c2, H2ac13, H2bc3"
"REACTOME_GLI_PROTEINS_BIND_PROMOTERS_OF_HH_RESPONSIVE_GENES_TO_PROMOTE_TRANSCRIPTION"	0.207792207792208	0.667987379851787	0.140406238523342	-0.772042984845935	-1.28628266935616	3	"Hhip"
"REACTOME_GLUCAGON_LIKE_PEPTIDE_1_GLP1_REGULATES_INSULIN_SECRETION"	0.607407407407407	0.948333333333333	0.0653834195468773	0.577556246419177	0.928732249943434	3	"Gng7, Gng12"
"REACTOME_GLUCAGON_SIGNALING_IN_METABOLIC_REGULATION"	0.607407407407407	0.948333333333333	0.0653834195468773	0.577556246419177	0.928732249943434	3	"Gng7, Gng12"
"REACTOME_GLUCOSE_METABOLISM"	0.977832512315271	1	0.0562940749700968	-0.230614300100705	-0.490407103011019	7	"Nup107, Prkacb, Adpgk, Nup43, Slc37a2, Pkm, Pfkp"
"REACTOME_GLYCEROPHOSPHOLIPID_BIOSYNTHESIS"	0.974832214765101	1	0.0387962208304479	0.238670694864048	0.474905365844225	7	"Pld2, Plaat3, Pla1a, Lpcat2, Cpne7"
"REACTOME_GLYCOLYSIS"	0.978922716627635	1	0.0538979025357319	-0.230382293762575	-0.471759545579223	6	"Nup107, Prkacb, Adpgk, Nup43, Pkm, Pfkp"
"REACTOME_GLYCOSAMINOGLYCAN_METABOLISM"	0.170984455958549	0.627678422196223	0.172324344900946	-0.476607860409861	-1.30595672527088	21	"Hs6st2, B4galt6, Gpc3, Sdc3, Chpf, Gpc6, B4galt5, Papss1"
"REACTOME_GOLGI_TO_ER_RETROGRADE_TRANSPORT"	0.130872483221477	0.562530894710826	0.157402899305283	0.685036275177502	1.36308063738219	7	"Tuba4a, Bicd1, Tubb3, Kif21a"
"REACTOME_GPCR_LIGAND_BINDING"	0.0410509031198686	0.235939029042477	0.287857117255149	0.582508531131435	1.51164185655581	22	"Cnr1, Cxcl13, Ptgfr, Rln1, Penk, Gng7, Cxcl12, Ccl11, Adm, F2r, Agtr1a"
"REACTOME_GPVI_MEDIATED_ACTIVATION_CASCADE"	0.737306843267108	1	0.0645031249656493	-0.400932305539753	-0.735024176063869	4	"Vav2"
"REACTOME_G_ALPHA_12_13_SIGNALLING_EVENTS"	0.882063882063882	1	0.0610363728309177	-0.274921325470991	-0.606434028459383	8	"Vav2, Prex1"
"REACTOME_G_ALPHA_I_SIGNALLING_EVENTS"	0.0598705501618123	0.321120592351799	0.234392647294686	0.597410994957851	1.47642501004145	17	"Cnr1, Cxcl13, Penk, Gng7, Cxcl12, Ccl11, Pde1a, Ppp3cc"
"REACTOME_G_ALPHA_Q_SIGNALLING_EVENTS"	0.201970443349754	0.656692470091485	0.122107920287081	0.558281447630379	1.26720738717021	12	"Mmp3, Ptgfr, Gng7, F2r, Agtr1a, Egfr"
"REACTOME_G_ALPHA_S_SIGNALLING_EVENTS"	0.748299319727891	1	0.051530912208539	0.375237899761342	0.787726432312868	9	"Rln1, Gng7, Pde1a, Adm"
"REACTOME_G_ALPHA_Z_SIGNALLING_EVENTS"	0.810154525386313	1	0.059989249649033	-0.363592277714154	-0.666569170549249	4	"Gnai1"
"REACTOME_G_PROTEIN_BETA_GAMMA_SIGNALLING"	0.833333333333333	1	0.0504983044100709	0.436195485247045	0.701418808887121	3	"Gng7, Gng12"
"REACTOME_G_PROTEIN_MEDIATED_EVENTS"	0.5807962529274	0.938843942942304	0.0795564677235957	-0.447292986633292	-0.915932959380812	6	"Gnai1, Plcb1"
"REACTOME_HATS_ACETYLATE_HISTONES"	3.63940077890813e-08	2.07081904319872e-05	0.719512826338911	-0.858437271360721	-2.31612170208022	20	"H4c12, H2bc15, H2ac15, H2bc7, H2ac7, H4c11, H2bc8, H2ac8, H3c6, H2ac4, H4c6, H3c8, H3c10, H3c2, H2ac13, Wdr5, H2bc3"
"REACTOME_HCMV_EARLY_EVENTS"	7.22922207719613e-05	0.00100327496632307	0.538434096309916	-0.728446821908235	-2.09600452012741	25	"H4c12, H2bc15, H2ac15, H2bc7, H2ac7, H4c11, H2bc8, H2ac8, H3c6, H2ac4, H4c6, H3c8, H3c10"
"REACTOME_HCMV_INFECTION"	7.22922207719613e-05	0.00100327496632307	0.538434096309916	-0.728446821908235	-2.09600452012741	25	"H4c12, H2bc15, H2ac15, H2bc7, H2ac7, H4c11, H2bc8, H2ac8, H3c6, H2ac4, H4c6, H3c8, H3c10"
"REACTOME_HCMV_LATE_EVENTS"	2.7602745913421e-07	7.85298121236829e-05	0.674962860011025	-0.85162611070604	-2.27597758324336	19	"H4c12, H2bc15, H2ac15, H2bc7, H2ac7, H4c11, H2bc8, H2ac8, H3c6, H2ac4, H4c6, H3c8, H3c10, H3c2, H2ac13, H2bc3"
"REACTOME_HDACS_DEACETYLATE_HISTONES"	8.21254715236546e-07	0.000116823483242399	0.659444398037935	-0.857950564110034	-2.24906035037066	18	"H4c12, H2bc15, H2ac15, H2bc7, H2ac7, H4c11, H2bc8, H2ac8, H3c6, H2ac4, H4c6, H3c8, H3c10, H3c2, H2ac13, H2bc3"
"REACTOME_HDMS_DEMETHYLATE_HISTONES"	0.000538107717618928	0.00486005224325667	0.477270815362862	-0.884888612179197	-1.95192775570364	8	"H4c12, H4c11, H3c6, H4c6, H3c8, H3c10, H3c2"
"REACTOME_HEDGEHOG_OFF_STATE"	0.379194630872483	0.839435637456077	0.0845557442441281	0.557558132286721	1.10942547405695	7	"Tuba4a, Tubb3, Gli3, Ttc21b"
"REACTOME_HEDGEHOG_ON_STATE"	0.441501103752759	0.866021848329169	0.0913924325943768	-0.579800050928545	-1.06294017425664	4	"Hhip"
"REACTOME_HEME_SIGNALING"	0.977777777777778	1	0.0431901998334182	0.313941825476429	0.504830308275221	3	"Rora, Clock, Med1"
"REACTOME_HEMOSTASIS"	0.635294117647059	0.954249513783097	0.0870515867946735	-0.258213046657938	-0.898001944115953	57	"Tspan7, H3c6, Gnai1, Pdgfa, Clec3b, Vav2, H3c8, S100a10, Sdc3, H3c10, Lhfpl2, H3c2, Akap1"
"REACTOME_HEPARAN_SULFATE_HEPARIN_HS_GAG_METABOLISM"	0.0665024630541872	0.343999104343932	0.276500599254472	-0.713540853664263	-1.517362551987	7	"Hs6st2, Gpc3, Sdc3, Gpc6"
"REACTOME_HIV_INFECTION"	0.966887417218543	1	0.0517405459873163	-0.269076305220884	-0.493294221519598	4	"Nup107, Elob, Nup43, H2-D1"
"REACTOME_HIV_LIFE_CYCLE"	0.46969696969697	0.866021848329169	0.086794975677172	-0.626880641925777	-1.04443110201293	3	"Nup107, Elob, Nup43"
"REACTOME_HOMOLOGY_DIRECTED_REPAIR"	0.000667397331930629	0.00575377396770497	0.477270815362862	-0.807862700377483	-1.95185142457902	12	"H4c12, H2bc15, H2bc7, H4c11, H2bc8, H4c6"
"REACTOME_HOST_INTERACTIONS_OF_HIV_FACTORS"	0.966887417218543	1	0.0517405459873163	-0.269076305220884	-0.493294221519598	4	"Nup107, Elob, Nup43, H2-D1"
"REACTOME_HSF1_ACTIVATION"	0.897569444444444	1	0.0441523058441465	0.327179389028325	0.626388822977633	6	"Rln1, Dedd2"
"REACTOME_HSF1_DEPENDENT_TRANSACTIVATION"	0.741545893719807	1	0.0686325631836726	-0.329440848424413	-0.753729952250023	9	"Hsph1, Serpinh1, Akt1s1, Hspa8, Hspa1b"
"REACTOME_HSP90_CHAPERONE_CYCLE_FOR_STEROID_HORMONE_RECEPTORS_SHR"	0.454697986577181	0.866021848329169	0.0749278818393739	0.521115807906248	1.03691277867983	7	"Tuba4a, Tubb3, Ar"
"REACTOME_HS_GAG_BIOSYNTHESIS"	0.025264845761852	0.148203064314369	0.352487857583619	-0.863453815261044	-1.58295906905543	4	"Hs6st2, Gpc3, Sdc3, Gpc6"
"REACTOME_HS_GAG_DEGRADATION"	0.0735930735930736	0.367319814688236	0.245041785430996	-0.86258776328987	-1.43713719636979	3	"Gpc3, Sdc3, Gpc6"
"REACTOME_HYALURONAN_METABOLISM"	0.824074074074074	1	0.051011413203915	0.443498052482621	0.713161612711179	3	"Has2, Has1"
"REACTOME_IL_6_TYPE_CYTOKINE_RECEPTOR_LIGAND_INTERACTIONS"	0.249544626593807	0.717297560466693	0.114750719227023	0.711135081937472	1.22480073877863	4	"Lif, Lifr, Jak2, Osmr"
"REACTOME_IMMUNOREGULATORY_INTERACTIONS_BETWEEN_A_LYMPHOID_AND_A_NON_LYMPHOID_CELL"	0.526411657559198	0.894114128809504	0.0716527366829457	0.572289156626506	0.985663904980534	4	"Icam1, H2-D1, C3, Nectin2"
"REACTOME_INACTIVATION_OF_CSF3_G_CSF_SIGNALING"	0.898148148148148	1	0.0470699590082662	0.396802017807961	0.638072625940255	3	"Socs3, Jak2"
"REACTOME_INFECTIOUS_DISEASE"	0.000377165180481893	0.00363740657108809	0.49849310876659	-0.54437574670616	-1.82688405518302	51	"H4c12, H2bc15, H2ac15, H2bc7, H2ac7, H4c11, H2bc8, H2ac8, H3c6, Gnai1, H2ac4, H4c6, Vav2, H3c8, Wnt5a, H3c10"
"REACTOME_INFLUENZA_INFECTION"	0.900662251655629	1	0.0550211117163117	-0.320281124497992	-0.587167375614745	4	"Nup107, Hsp90aa1, Nup43, Tgfb1"
"REACTOME_INHIBITION_OF_DNA_RECOMBINATION_AT_TELOMERE"	0.000123734349602132	0.00160011011190029	0.518848077743792	-0.867308984488295	-2.03294896673226	10	"H4c12, H2bc15, H2bc7, H4c11, H2bc8, H2ac4, H4c6"
"REACTOME_INNATE_IMMUNE_SYSTEM"	0.453731343283582	0.866021848329169	0.069119845655101	0.319336417088166	1.01031490383463	60	"Tifa, Cfh, Ampd3, Crispld2, C7, Cfb, Fgl2, Enpp4, Alpk1, Pygl, Plau, Serping1, Map3k8, Rps6ka5, Nfkb1, Pld2, Ikbke, Casp4, Pros1, H2-D1, Pak3, Rhog, Anpep, Tnfaip3"
"REACTOME_INSULIN_RECEPTOR_SIGNALLING_CASCADE"	0.683962264150943	0.982895607073239	0.0714786287425507	-0.434011622114605	-0.829213893947073	5	"Pde3b"
"REACTOME_INTEGRATION_OF_ENERGY_METABOLISM"	0.726600985221675	1	0.070619624712259	-0.372956019804458	-0.793100346088492	7	"Gnai1, Plcb1"
"REACTOME_INTEGRIN_CELL_SURFACE_INTERACTIONS"	0.985221674876847	1	0.0373029764832679	0.208079683923146	0.477493402616963	13	"Icam1, Lum, Itga11, Col23a1, Col4a4, Vtn, Col4a3"
"REACTOME_INTERFERON_ALPHA_BETA_SIGNALING"	0.389799635701275	0.850116250765912	0.0875697115548511	0.635542168674699	1.0946057050047	4	"Socs3, H2-D1, H2-K1, Egr1"
"REACTOME_INTERFERON_GAMMA_SIGNALING"	0.717444717444717	1	0.0711327399327894	-0.366742273459934	-0.808976873364186	8	"Ncam1"
"REACTOME_INTERFERON_SIGNALING"	0.786259541984733	1	0.0683110858318647	-0.297776484242947	-0.719448310590583	12	"Ncam1"
"REACTOME_INTERLEUKIN_10_SIGNALING"	0.183391003460208	0.630794009370817	0.132846300606183	0.701507537688442	1.29508695990195	5	"Lif, Il6, Icam1, Ptgs2, Cxcl1"
"REACTOME_INTERLEUKIN_12_FAMILY_SIGNALING"	0.997641509433962	1	0.053347785067549	-0.205025125628141	-0.39171688986293	5	"Lmnb1, Anxa2, Serpinb2, Jak2, Sod2"
"REACTOME_INTERLEUKIN_12_SIGNALING"	0.997641509433962	1	0.053347785067549	-0.205025125628141	-0.39171688986293	5	"Lmnb1, Anxa2, Serpinb2, Jak2, Sod2"
"REACTOME_INTERLEUKIN_17_SIGNALING"	0.250865051903114	0.717297560466693	0.11101149245045	0.667777209424658	1.23281577115381	5	"Map3k8, Il17ra, Rps6ka5, Nfkb1"
"REACTOME_INTERLEUKIN_1_FAMILY_SIGNALING"	0.375227686703097	0.839435637456077	0.0897104652742981	0.640271373746726	1.10275089993767	4	"Il1rl1, Map3k8, Nfkb1"
"REACTOME_INTERLEUKIN_20_FAMILY_SIGNALING"	0.687037037037037	0.982895607073239	0.059476028695732	0.533963184722669	0.858632960874474	3	"Socs3, Jak2, Jak3"
"REACTOME_INTERLEUKIN_2_FAMILY_SIGNALING"	0.755555555555556	1	0.0550211117163117	0.488810322004684	0.786025452872516	3	"Jak2, Pik3r1, Jak3"
"REACTOME_INTERLEUKIN_3_INTERLEUKIN_5_AND_GM_CSF_SIGNALING"	0.019211918664815	0.118821540437823	0.352487857583619	0.865939636793057	1.49142340719887	4	"Blnk, Jak2, Pik3r1"
"REACTOME_INTERLEUKIN_4_AND_INTERLEUKIN_13_SIGNALING"	0.473344103392569	0.866021848329169	0.0709609456938284	0.375055899979302	0.999917167917074	24	"Lif, Mmp3, Ccl11, Mmp2, Il6, Icam1, Ptgs2, Socs3, Rora, Myc, Fgf2, Tgfb1, Bcl6, Jak2, Pik3r1"
"REACTOME_INTERLEUKIN_6_FAMILY_SIGNALING"	0.222222222222222	0.690953248330297	0.119348440591015	0.650497450176084	1.24538508790501	6	"Lif, Lifr, Il6, Socs3, Jak2, Osmr"
"REACTOME_INTERLEUKIN_6_SIGNALING"	0.516666666666667	0.892325658992326	0.0734381410838857	0.632898696088265	1.01772499847177	3	"Il6, Socs3, Jak2"
"REACTOME_INTERLEUKIN_7_SIGNALING"	0.0164089299671438	0.103740901681165	0.352487857583619	-0.772533804597428	-1.64281254425795	7	"H3c6, H3c8, H3c10, H3c2"
"REACTOME_INTERLEUKIN_RECEPTOR_SHC_SIGNALING"	0.755555555555556	1	0.0550211117163117	0.488810322004684	0.786025452872516	3	"Jak2, Pik3r1, Jak3"
"REACTOME_INTRACELLULAR_SIGNALING_BY_SECOND_MESSENGERS"	0.4096	0.863194074074074	0.0778840111977068	0.387794933365485	1.04333942036106	25	"Prex2, Fgf7, Mecom, Il1rl1, Slc38a9, Pde1a, Nr4a1, Hdac5, Egfr, Pdgfra, Rhog, Fgf2, Camk2d, Rictor, Egr1, Fgfr1, Pik3r1"
"REACTOME_INTRAFLAGELLAR_TRANSPORT"	0.233151183970856	0.698226440417985	0.119348440591015	0.72042907688789	1.24080795340016	4	"Tuba4a, Tubb3, Ttc21b"
"REACTOME_INTRA_GOLGI_AND_RETROGRADE_GOLGI_TO_ER_TRAFFIC"	0.156302521008403	0.59722029988466	0.142901149386948	0.637915530173123	1.3154995770242	8	"Tuba4a, Bicd1, Tubb3, Kif21a"
"REACTOME_INTRINSIC_PATHWAY_OF_FIBRIN_CLOT_FORMATION"	0.266666666666667	0.740162601626016	0.11146266692298	0.74222668004012	1.19352852435675	3	"Serpine2, Serping1, Pros1"
"REACTOME_ION_CHANNEL_TRANSPORT"	0.266009852216749	0.740162601626016	0.103958471559957	0.526211244764953	1.19441328277787	12	"Atp1a3, Mcoln2, Sgk1"
"REACTOME_ION_HOMEOSTASIS"	0.063752276867031	0.334297464635965	0.241339976815091	0.812993773724069	1.40023379519788	4	"Atp1a3, Camk2d"
"REACTOME_ION_TRANSPORT_BY_P_TYPE_ATPASES"	0.182291666666667	0.630794009370817	0.133554954557592	0.674003196090555	1.29038711740419	6	"Atp1a3, Camk2d, Atp11a"
"REACTOME_IRE1ALPHA_ACTIVATES_CHAPERONES"	0.130541871921182	0.562530894710826	0.193813302725311	-0.64894504859385	-1.37999794962967	7	"Fkbp14, Hyou1, Dnajb9, Syvn1, Hspa5, Preb"
"REACTOME_IRON_UPTAKE_AND_TRANSPORT"	0.120218579234973	0.547234972677596	0.172324344900946	0.773702336314392	1.33256144603472	4	"Cp, Steap2"
"REACTOME_IRS_MEDIATED_SIGNALLING"	0.683962264150943	0.982895607073239	0.0714786287425507	-0.434011622114605	-0.829213893947073	5	"Pde3b"
"REACTOME_KERATAN_SULFATE_BIOSYNTHESIS"	0.778325123152709	1	0.0672065093710464	-0.338765931856586	-0.720394265091407	7	"B4galt6"
"REACTOME_KERATAN_SULFATE_KERATIN_METABOLISM"	0.778325123152709	1	0.0672065093710464	-0.338765931856586	-0.720394265091407	7	"B4galt6"
"REACTOME_KINESINS"	0.0534015455221203	0.29064096226726	0.321775918075361	0.823030279632753	1.41751984979418	4	"Tuba4a, Tubb3, Kif21a"
"REACTOME_L1CAM_INTERACTIONS"	0.228571428571429	0.692405158570855	0.147331213699377	-0.468964216294683	-1.20690322905063	17	"Gap43, Ncam1, Vav2, Ephb2, Ank3"
"REACTOME_LAMININ_INTERACTIONS"	0.537340619307832	0.907260570878803	0.070619624712259	0.568910793856945	0.979845290035048	4	"Nid2, Col4a4, Col4a3"
"REACTOME_LEISHMANIA_INFECTION"	0.737274220032841	1	0.0506004243853618	0.349426174950094	0.793140148301241	12	"Rln1, Gng7, Il6, Adm, Nfkb1"
"REACTOME_LIGAND_RECEPTOR_INTERACTIONS"	0.435064935064935	0.866021848329169	0.0911073131586733	-0.653151437304298	-1.08820025666996	3	"Hhip"
"REACTOME_MAP2K_AND_MAPK_ACTIVATION"	0.311258278145695	0.799398825422497	0.112843355675562	-0.649598393574297	-1.19090060195216	4	"Raf1, Pebp1, Fn1, Itgb3"
"REACTOME_MAPK6_MAPK4_SIGNALING"	0.48961937716263	0.878718773504889	0.0727141077934447	0.552457326339333	1.01991816310622	5	"Mmp2, Pak3, Myc"
"REACTOME_MAPK_FAMILY_SIGNALING_CASCADES"	0.564171122994652	0.926264084706415	0.0883594442500905	-0.319076565796277	-0.936254068920681	27	"Ncam1, Gfra2, Pdgfa"
"REACTOME_MEIOSIS"	3.19699475153825e-05	0.000568465629257895	0.557332238758646	-0.817780113353943	-2.10459865628655	17	"H4c12, H2bc15, H2bc7, H4c11, H2bc8, H3c6, H2ac4, H4c6, H3c8, H3c10, H3c2, H2ac13, H2bc3"
"REACTOME_MEIOTIC_RECOMBINATION"	1.04601505378523e-05	0.00025877502852339	0.593325476396405	-0.849864882086633	-2.13188684384785	15	"H4c12, H2bc15, H2bc7, H4c11, H2bc8, H3c6, H2ac4, H4c6, H3c8, H3c10, H3c2, H2ac13, H2bc3"
"REACTOME_MEIOTIC_SYNAPSIS"	0.000376370640384739	0.00363740657108809	0.49849310876659	-0.839683148847872	-1.98482972122547	11	"H4c12, H2bc15, H2bc7, H4c11, H2bc8, H2ac4, H4c6"
"REACTOME_MEMBRANE_TRAFFICKING"	0.781395348837209	1	0.0453152441270267	0.283404437583924	0.789874274822891	29	"Sgip1, Tuba4a, Bicd1, Tubb3, Kif21a, Agtr1a, Gja1, Egfr"
"REACTOME_METABOLIC_DISORDERS_OF_BIOLOGICAL_OXIDATION_ENZYMES"	0.0217484925185906	0.131390908487674	0.352487857583619	0.889353958287792	1.43011474258604	3	"Cyp2u1, Cyp1b1, Cyp26b1"
"REACTOME_METABOLISM_OF_AMINO_ACIDS_AND_DERIVATIVES"	0.339473684210526	0.818029198434341	0.118815039412263	-0.434629035386861	-1.09850096772287	16	"Bcat1, Ckb, Phgdh, Papss1, Ado, Aldh18a1, Serinc5, Slc36a4, Psat1"
"REACTOME_METABOLISM_OF_CARBOHYDRATES"	0.549450549450549	0.922234108074816	0.0913924325943768	-0.30957071698318	-0.94018715883612	32	"Hs6st2, B4galt6, Gpc3, Sdc3, Chpf, Gpc6, B4galt5, Papss1"
"REACTOME_METABOLISM_OF_FAT_SOLUBLE_VITAMINS"	0.147540983606557	0.578971170152629	0.176694268938498	-0.667405158100142	-1.36666212042767	6	"Gpc3, Sdc3, Gpc6, Lpl"
"REACTOME_METABOLISM_OF_LIPIDS"	0.315789473684211	0.802161654135338	0.0902635484340068	0.385996018793306	1.11211577435435	36	"Hsd11b1, Acss3, Cyp2u1, Cyp1b1, Acot6, Plpp3, Arsk, Ptgs2, Abca1, Pld2, Rora, Cyp39a1"
"REACTOME_METABOLISM_OF_NUCLEOTIDES"	0.212585034013605	0.674415492553863	0.120985142145252	0.605083764404898	1.27023543007852	9	"Dpyd, Ampd3, Ampd1, Entpd2, Xdh, Nt5c2"
"REACTOME_METABOLISM_OF_RNA"	0.441558441558442	0.866021848329169	0.100990587455923	-0.395056550798984	-1.01669809817066	17	"Wdr4, Qtrt2, Srsf7, Eif4a2, Hspa8, Xpot, Tnks1bp1, Mapkapk2, Nup107"
"REACTOME_METABOLISM_OF_STEROIDS"	0.157439446366782	0.59722029988466	0.144630528034484	0.716872728840727	1.32345338168453	5	"Hsd11b1, Cyp39a1"
"REACTOME_METABOLISM_OF_VITAMINS_AND_COFACTORS"	0.907894736842105	1	0.0629394692018967	-0.257863660083757	-0.651736209686122	16	"Gpc3, Sdc3, Aldh1l2, Gpc6, Lpl"
"REACTOME_METABOLISM_OF_WATER_SOLUBLE_VITAMINS_AND_COFACTORS"	0.472268907563025	0.866021848329169	0.0730744399126987	0.494398190336852	1.01954033019568	8	"Aox1, Ptgs2, Enpp3, Gphn, Cyb5a"
"REACTOME_METALLOPROTEASE_DUBS"	0.00663511305845832	0.0460412113446681	0.407017918923954	-0.852676546313781	-1.74604694417013	6	"H2ac15, H2ac7, H2ac8, H2ac4"
"REACTOME_METAL_ION_SLC_TRANSPORTERS"	0.207407407407407	0.667987379851787	0.128788713061714	0.769247499531736	1.23697902227337	3	"Cp, Heph"
"REACTOME_MET_ACTIVATES_PTK2_SIGNALING"	0.392935982339956	0.850116250765912	0.0982123351217438	-0.604289831867264	-1.10783698303895	4	"Col5a3, Fn1"
"REACTOME_MET_PROMOTES_CELL_MOTILITY"	0.392935982339956	0.850116250765912	0.0982123351217438	-0.604289831867264	-1.10783698303895	4	"Col5a3, Fn1"
"REACTOME_MHC_CLASS_II_ANTIGEN_PRESENTATION"	0.145719489981785	0.575794373608581	0.155241966228839	0.758806014120678	1.30690524246473	4	"Tuba4a, Tubb3"
"REACTOME_MISCELLANEOUS_TRANSPORT_AND_BINDING_EVENTS"	0.406926406926407	0.863049410553829	0.0949751525905595	-0.669492354944565	-1.11542547543967	3	"Lrrc8c"
"REACTOME_MITOCHONDRIAL_BIOGENESIS"	0.775925925925926	1	0.05378728077603	0.471928714973155	0.758879191398835	3	"Sod2, mt-Atp6"
"REACTOME_MITOTIC_G1_PHASE_AND_G1_S_TRANSITION"	0.892857142857143	1	0.0589694466690997	-0.262701288913076	-0.615764765967645	10	"Ccnd2, Cdc25a, Cdkn1b, Ccna2, Cdc45, Ccne1, Cdk6"
"REACTOME_MITOTIC_G2_G2_M_PHASES"	0.515463917525773	0.892325658992326	0.0697792517076235	0.450854924265886	0.969358728090496	10	"Tuba4a, Tubb3"
"REACTOME_MITOTIC_METAPHASE_AND_ANAPHASE"	0.835772357723577	1	0.0444181153081573	0.300471638704402	0.718626506282124	15	"Tuba4a, Tubb3"
"REACTOME_MITOTIC_PROMETAPHASE"	0.808130081300813	1	0.0459538081039063	0.311516515598948	0.74504211518707	15	"Tuba4a, Tubb3"
"REACTOME_MITOTIC_PROPHASE"	6.68748985764356e-05	0.000975687622820303	0.538434096309916	-0.797952030984251	-2.09177818566509	18	"H4c12, H2bc15, H2bc7, H4c11, H2bc8, H3c6, H2ac4, H4c6, H3c8, H3c10, H3c2, H2ac13, H2bc3"
"REACTOME_MITOTIC_SPINDLE_CHECKPOINT"	0.124688279301746	0.558642763170813	0.199915231309662	-0.594062649048938	-1.40423587602076	11	"Zw10, Bub1, Birc5, Nup107, Cenpa, Anapc1, Pafah1b1, Dsn1, Nup43, Ppp2r5b"
"REACTOME_MOLECULES_ASSOCIATED_WITH_ELASTIC_FIBRES"	0.998319327731092	1	0.037770500132479	0.183984482893774	0.379409965705163	8	"Efemp1, Fbln2, Tgfb1"
"REACTOME_MRNA_SPLICING"	0.721854304635762	1	0.0655321029282414	-0.410894560682149	-0.753287853688747	4	"Srsf7, Hspa8, Puf60"
"REACTOME_MUSCLE_CONTRACTION"	0.134646962233169	0.569200158297423	0.153158808683073	0.58464594865587	1.32705048351591	12	"Atp1a3, Scn7a, Des, Kcne4, Ttn, Mylk, Camk2d"
"REACTOME_MYD88_INDEPENDENT_TLR4_CASCADE"	0.416666666666667	0.866021848329169	0.0813027345384498	0.561332576430391	1.07467787898704	6	"Map3k8, Rps6ka5, Nfkb1, Ikbke, Birc3"
"REACTOME_M_PHASE"	0.000346044417439043	0.00345437321969852	0.49849310876659	-0.647391968569768	-1.96617309774814	32	"H4c12, H2bc15, H2bc7, H4c11, H2bc8, H3c6, H2ac4, H4c6, H3c8, H3c10, H3c2, Zw10, Bub1, H2ac13, H2bc3, Birc5, Lmnb1"
"REACTOME_NCAM1_INTERACTIONS"	0.00524516264088437	0.0387597083462754	0.407017918923954	-0.820990172962112	-1.74585622898081	7	"Ncam1, Gfra2, Col5a3"
"REACTOME_NCAM_SIGNALING_FOR_NEURITE_OUT_GROWTH"	0.0603864734299517	0.321120592351799	0.287857117255149	-0.681551866315761	-1.55932713903254	9	"Ncam1, Gfra2, Col5a3"
"REACTOME_NECTIN_NECL_TRANS_HETERODIMERIZATION"	0.443722943722944	0.866021848329169	0.0899860794997137	-0.648582331561711	-1.08058777699395	3	"Nectin3, Cadm3"
"REACTOME_NEDDYLATION"	0.193236714975845	0.646590909090909	0.155241966228839	-0.566106691095939	-1.29519933939237	9	"Klhl13, Wdr5, Dtl, Birc5, Epas1"
"REACTOME_NEGATIVE_EPIGENETIC_REGULATION_OF_RRNA_EXPRESSION"	8.4982175472284e-06	0.000223190925699129	0.593325476396405	-0.827858094610069	-2.1701749427163	18	"H4c12, H2bc15, H2bc7, H4c11, H2bc8, H3c6, H2ac4, H4c6, H3c8, H3c10, H3c2, H2ac13, H2bc3"
"REACTOME_NEGATIVE_REGULATION_OF_FGFR1_SIGNALING"	0.522222222222222	0.892325658992326	0.0728938564822936	0.624874623871615	1.00482198739764	3	"Spry2, Fgf2, Fgfr1"
"REACTOME_NEGATIVE_REGULATION_OF_FGFR2_SIGNALING"	0.359259259259259	0.824268219832736	0.0931454575337804	0.704112337011033	1.13223922175465	3	"Fgf7, Spry2, Fgf2"
"REACTOME_NEGATIVE_REGULATION_OF_MAPK_PATHWAY"	0.441558441558442	0.866021848329169	0.0902635484340068	-0.650552780706869	-1.08387069599718	3	"Raf1, Pebp1"
"REACTOME_NEGATIVE_REGULATION_OF_THE_PI3K_AKT_NETWORK"	0.635607321131448	0.954249513783097	0.0580983576873206	0.389803203398622	0.858819766989078	11	"Fgf7, Il1rl1, Egfr, Pdgfra, Rhog, Fgf2, Fgfr1, Pik3r1"
"REACTOME_NEPHRIN_FAMILY_INTERACTIONS"	0.935185185185185	1	0.0452247443372884	0.357317252992316	0.574579633364937	3	"Cask, Pik3r1, Actn1"
"REACTOME_NERVOUS_SYSTEM_DEVELOPMENT"	0.0174049217606316	0.10882857672307	0.352487857583619	-0.425853482764515	-1.4810144583348	57	"Gap43, Ncam1, Slit2, Gfra2, Efna5, Mmp9, Evl, Enah, Vav2, Efnb2, Ephb2, Ank3"
"REACTOME_NETRIN_1_SIGNALING"	0.554187192118227	0.924628399369115	0.0847985102819124	-0.440559424432453	-0.936860684466551	7	"Slit2"
"REACTOME_NEUREXINS_AND_NEUROLIGINS"	0.108996539792388	0.505435109906655	0.176694268938498	0.753694513600424	1.39143185763895	5	"Lrrtm3, Cask, Epb41l5"
"REACTOME_NEURONAL_SYSTEM"	0.631663974151858	0.954249513783097	0.0570059526582387	0.32760995277649	0.873423978078449	24	"Tuba4a, Lrrtm3, Gng7, Kcnab1, Tubb3"
"REACTOME_NEUROTRANSMITTER_RECEPTORS_AND_POSTSYNAPTIC_SIGNAL_TRANSMISSION"	0.839080459770115	1	0.0446854397644147	0.30556506728832	0.71623267794627	14	"Tuba4a, Gng7, Tubb3"
"REACTOME_NEUROTRANSMITTER_RELEASE_CYCLE"	0.930735930735931	1	0.0525898950623616	-0.344109780500507	-0.57331321662366	3	"Hspa8"
"REACTOME_NEUTROPHIL_DEGRANULATION"	0.964615384615385	1	0.0352404270679709	0.215913407103291	0.620501221303883	35	"Ampd3, Crispld2, Fgl2, Enpp4, Pygl, Plau"
"REACTOME_NGF_STIMULATED_TRANSCRIPTION"	0.790528233151184	1	0.0521630305460055	0.433654279448287	0.746890563176401	4	"F3, Sgk1, Egr1"
"REACTOME_NITRIC_OXIDE_STIMULATES_GUANYLATE_CYCLASE"	0.586805555555556	0.942950312973835	0.0639271933359996	0.487788054192112	0.93387601839887	6	"Pde1a, Pde11a"
"REACTOME_NOD1_2_SIGNALING_PATHWAY"	0.437037037037037	0.866021848329169	0.0822054920415869	0.674022066198596	1.08385293022667	3	"Casp4, Tnfaip3, Birc3"
"REACTOME_NONHOMOLOGOUS_END_JOINING_NHEJ"	0.000493498168622677	0.00460328619584104	0.477270815362862	-0.887186331208637	-1.95699616938492	8	"H4c12, H2bc15, H2bc7, H4c11, H2bc8, H4c6"
"REACTOME_NON_INTEGRIN_MEMBRANE_ECM_INTERACTIONS"	0.491094147582697	0.878718773504889	0.0934449219410994	-0.402303056138986	-0.988602712233127	13	"Pdgfa, Sdc3, Col5a3"
"REACTOME_NOTCH1_INTRACELLULAR_DOMAIN_REGULATES_TRANSCRIPTION"	0.224913494809689	0.692405158570855	0.118287526124085	0.682305113935408	1.25963643761247	5	"Hdac5, Maml2, Maml3, Myc"
"REACTOME_NOTCH3_ACTIVATION_AND_TRANSMISSION_OF_SIGNAL_TO_THE_NUCLEUS"	0.588744588744589	0.942950312973835	0.0747385227439092	-0.558860634827933	-0.93110456707019	3	"Jag1, Notch3"
"REACTOME_NOTCH3_INTRACELLULAR_DOMAIN_REGULATES_TRANSCRIPTION"	0.856102003642987	1	0.048505983646947	0.39739792256963	0.684445587786612	4	"Maml2, Maml3"
"REACTOME_NOTCH4_INTRACELLULAR_DOMAIN_REGULATES_TRANSCRIPTION"	0.565743944636678	0.926264084706415	0.0655321029282414	0.512660336661721	0.946447017600562	5	"Notch4, Maml2, Maml3"
"REACTOME_NOTCH_HLH_TRANSCRIPTION_PATHWAY"	0.380622837370242	0.839435637456077	0.0860347242455604	0.601162142980295	1.10983447836632	5	"Notch4, Hdac5, Maml2, Maml3"
"REACTOME_NR1H2_AND_NR1H3_MEDIATED_SIGNALING"	0.177489177489178	0.630794009370817	0.153158808683073	-0.788875428213172	-1.31432680758574	3	"Arl4c"
"REACTOME_NR1H3_NR1H2_REGULATE_GENE_EXPRESSION_LINKED_TO_CHOLESTEROL_TRANSPORT_AND_EFFLUX"	0.177489177489178	0.630794009370817	0.153158808683073	-0.788875428213172	-1.31432680758574	3	"Arl4c"
"REACTOME_NRAGE_SIGNALS_DEATH_THROUGH_JNK"	0.250585480093677	0.717297560466693	0.132147260608774	-0.601388894496909	-1.23147897761899	6	"Vav2, Prex1, Trio"
"REACTOME_NUCLEAR_ENVELOPE_BREAKDOWN"	0.465367965367965	0.866021848329169	0.0873098257637931	-0.630818096264456	-1.05099120213253	3	"Lmnb1, Nup107"
"REACTOME_NUCLEAR_ENVELOPE_NE_REASSEMBLY"	0.350694444444444	0.821021811916003	0.0908241419007155	0.598375533306178	1.14559705951961	6	"Tuba4a, Tubb3"
"REACTOME_NUCLEAR_EVENTS_KINASE_AND_TRANSCRIPTION_FACTOR_ACTIVATION"	0.690972222222222	0.982907986111111	0.0561766586307176	0.431754650491437	0.826599402057802	6	"Rps6ka5, F3, Sgk1, Egr1"
"REACTOME_NUCLEAR_RECEPTOR_TRANSCRIPTION_PATHWAY"	0.0493197278911565	0.272455584175418	0.266350657088526	0.703198354081085	1.47620464516213	9	"Nr6a1, Nr4a3, Nr4a1, Nr4a2, Thrb, Ar, Rora"
"REACTOME_NUCLEAR_SIGNALING_BY_ERBB4"	0.468518518518519	0.866021848329169	0.0785029047348687	0.659879850889601	1.06111171406887	3	"Cxcl12, Apoe"
"REACTOME_NUCLEOBASE_CATABOLISM"	0.278546712802768	0.759439429595027	0.104343952581949	0.649164533065349	1.19845401002257	5	"Dpyd, Entpd2, Xdh, Nt5c2"
"REACTOME_NUCLEOTIDE_BINDING_DOMAIN_LEUCINE_RICH_REPEAT_CONTAINING_RECEPTOR_NLR_SIGNALING_PATHWAYS"	0.313296903460838	0.799398825422497	0.10027910675413	0.674698795180723	1.16204586692442	4	"Nfkb1, Casp4, Tnfaip3, Birc3"
"REACTOME_NUCLEOTIDE_SALVAGE"	0.426229508196721	0.866021848329169	0.0826646449123753	0.617527201941058	1.06357820386621	4	"Ampd3, Ampd1"
"REACTOME_N_GLYCAN_ANTENNAE_ELONGATION"	0.443708609271523	0.866021848329169	0.0911073131586733	-0.575726591885087	-1.05547235279208	4	"B4galt6, B4galt5"
"REACTOME_N_GLYCAN_ANTENNAE_ELONGATION_IN_THE_MEDIAL_TRANS_GOLGI"	0.424528301886792	0.866021848329169	0.09754492162472	-0.552824904144149	-1.05621616583171	5	"B4galt6, B4galt5"
"REACTOME_ONCOGENE_INDUCED_SENESCENCE"	0.935185185185185	1	0.0452247443372884	0.36006151675019	0.578992513097588	3	"Rb1, Cdk6"
"REACTOME_ONCOGENIC_MAPK_SIGNALING"	0.611793611793612	0.948333333333333	0.0793434960134973	-0.403495505006632	-0.8900488317784	8	"Raf1, Papss1, Pebp1, Fn1, Trim24"
"REACTOME_OPIOID_SIGNALLING"	0.821428571428571	1	0.0472587336673259	0.341129708483349	0.71612405993751	9	"Gng7, Pde1a, Ppp3cc, Camk2d, Gng12"
"REACTOME_ORGANELLE_BIOGENESIS_AND_MAINTENANCE"	0.424292845257904	0.866021848329169	0.0780892306943345	0.478108876685306	1.05337603819121	11	"Tuba4a, Tubb3, Sod2"
"REACTOME_OTHER_SEMAPHORIN_INTERACTIONS"	0.92037037037037	1	0.0459538081039063	0.374454745286634	0.602137368002161	3	"Sema4a, Sema6a"
"REACTOME_OXIDATIVE_STRESS_INDUCED_SENESCENCE"	7.37758630221588e-06	0.000223190925699129	0.610526878385931	-0.838067595447836	-2.15680952184444	17	"H4c12, H2bc15, H2bc7, H4c11, H2bc8, H3c6, H2ac4, H4c6, H3c8, H3c10, H3c2, H2ac13, H2bc3"
"REACTOME_O_GLYCOSYLATION_OF_TSR_DOMAIN_CONTAINING_PROTEINS"	0.561344537815126	0.926264084706415	0.0645031249656493	0.456642201077188	0.941680510906221	8	"Spon1, Thsd7a, Adamts7"
"REACTOME_O_LINKED_GLYCOSYLATION"	0.510673234811166	0.892325658992326	0.0679922591544058	0.415416057301137	0.973719142122787	14	"Spon1, Galnt15, Thsd7a, Galnt17, Adamts7"
"REACTOME_O_LINKED_GLYCOSYLATION_OF_MUCINS"	0.835069444444444	1	0.0474483193656297	0.361868108304748	0.692800787688157	6	"Galnt15, Galnt17"
"REACTOME_P75_NTR_RECEPTOR_MEDIATED_SIGNALLING"	0.566502463054187	0.926264084706415	0.0835990603684159	-0.433584859391038	-0.92202909668024	7	"Vav2, Prex1, Trio"
"REACTOME_PCP_CE_PATHWAY"	0.29004329004329	0.766085600907029	0.116234148779716	-0.719846315540032	-1.1993190255641	3	"Wnt5a, Ror2"
"REACTOME_PEPTIDE_HORMONE_METABOLISM"	0.666666666666667	0.975149957155098	0.0609039347452418	0.545200638491319	0.876703210805801	3	"Anpep, Mme, Inha"
"REACTOME_PEPTIDE_LIGAND_BINDING_RECEPTORS"	0.0245528695599038	0.145526903954013	0.352487857583619	0.7401965479275	1.55387391913257	9	"Cxcl13, Rln1, Penk, Cxcl12, Ccl11, F2r, Agtr1a"
"REACTOME_PHASE_II_CONJUGATION_OF_COMPOUNDS"	0.865800865800866	1	0.0559428593065705	-0.381143430290873	-0.635014110023862	3	"Papss1, Gstk1, Papss2"
"REACTOME_PHASE_I_FUNCTIONALIZATION_OF_COMPOUNDS"	0.00139579554484812	0.0113458237859797	0.45505986738723	0.792076169545312	1.74511308638699	11	"Cyp2f2, Maob, Adh1, Cyp4v3, Cyp2u1, Cyp1b1, Aldh1a1"
"REACTOME_PHOSPHOLIPID_METABOLISM"	0.966386554621849	1	0.0392758570896778	0.238911290322581	0.492679181647084	8	"Pld2, Pik3r1, Plaat3, Pla1a, Lpcat2, Cpne7"
"REACTOME_PI3K_AKT_SIGNALING_IN_CANCER"	0.850574712643678	1	0.0440640346597561	0.310198753130051	0.711832387126822	13	"Fgf7, Nr4a1, Egfr, Pdgfra, Rhog, Fgf2, Rictor, Fgfr1, Pik3r1"
"REACTOME_PI_3K_CASCADE_FGFR1"	0.522222222222222	0.892325658992326	0.0728938564822936	0.623871614844534	1.00320911101338	3	"Fgf2, Fgfr1, Pik3r1"
"REACTOME_PI_3K_CASCADE_FGFR2"	0.522222222222222	0.892325658992326	0.0728938564822936	0.623871614844534	1.00320911101338	3	"Fgf7, Fgf2, Pik3r1"
"REACTOME_PKMTS_METHYLATE_HISTONE_LYSINES"	0.0150576931262462	0.0962677234700457	0.380730400722792	-0.71582449575691	-1.72948084017102	12	"H4c12, H4c11, H3c6, H4c6, H3c8, H3c10, H3c2, Wdr5"
"REACTOME_PLASMA_LIPOPROTEIN_ASSEMBLY"	0.940740740740741	1	0.0449543067640062	0.350579284509186	0.563744725651302	3	"Abca1, Apoe"
"REACTOME_PLASMA_LIPOPROTEIN_ASSEMBLY_REMODELING_AND_CLEARANCE"	0.711805555555556	1	0.0547939500773363	0.422608922729915	0.809089797724756	6	"Vldlr, Abca1"
"REACTOME_PLASMA_LIPOPROTEIN_REMODELING"	0.443722943722944	0.866021848329169	0.0899860794997137	-0.64927009569306	-1.08173364464656	3	"Lpl, Lmf2"
"REACTOME_PLATELET_ACTIVATION_SIGNALING_AND_AGGREGATION"	0.76461038961039	1	0.0484087618816951	0.299277581388079	0.804631640592049	26	"Tuba4a, Rarres2, Gng7, Vegfd, Serping1, F2r, Selenop, Ttn"
"REACTOME_PLATELET_HOMEOSTASIS"	0.338487972508591	0.818029198434341	0.0922597260527354	0.527229118847318	1.1335667429834	10	"Gng7, Pde1a, Gng12, Pde11a, Atp2b3"
"REACTOME_POSITIVE_EPIGENETIC_REGULATION_OF_RRNA_EXPRESSION"	8.05115605143737e-06	0.000223190925699129	0.593325476396405	-0.854045174843612	-2.14237311210046	15	"H4c12, H2bc15, H2bc7, H4c11, H2bc8, H3c6, H2ac4, H4c6, H3c8, H3c10, H3c2, H2ac13, H2bc3"
"REACTOME_POST_CHAPERONIN_TUBULIN_FOLDING_PATHWAY"	0.109259259259259	0.505435109906655	0.183023938384487	0.823935099240645	1.3249187473418	3	"Tuba4a, Tubb3"
"REACTOME_POST_TRANSLATIONAL_PROTEIN_MODIFICATION"	0.00860486467756482	0.0582877143039808	0.380730400722792	-0.398047072701404	-1.46529913627527	96	"H4c12, H2bc15, H2ac15, H2bc7, H2ac7, H4c11, H2bc8, B4galt6, H2ac8, Adamts15, Usp13, Thy1, H2ac4, Cd55, H4c6, Gpc3, Arsi, Klhl13, Ank3"
"REACTOME_POTASSIUM_CHANNELS"	0.157439446366782	0.59722029988466	0.144630528034484	0.717244062087094	1.32413891793226	5	"Gng7, Kcnab1, Gng12, Kcnn1"
"REACTOME_POTENTIAL_THERAPEUTICS_FOR_SARS"	0.105704697986577	0.505435109906655	0.176694268938498	0.695191426643888	1.38328729042392	7	"Atp1a3, Jak2"
"REACTOME_POU5F1_OCT4_SOX2_NANOG_ACTIVATE_GENES_RELATED_TO_PROLIFERATION"	0.431481481481481	0.866021848329169	0.0828962134571565	0.677070903494811	1.08875557570818	3	"Nr6a1, Fgf2"
"REACTOME_PRC2_METHYLATES_HISTONES_AND_DNA"	3.22310964797884e-06	0.000186008475547322	0.627256739718528	-0.845705367499892	-2.13747377411211	16	"H4c12, H2bc15, H2bc7, H4c11, H2bc8, H3c6, H2ac4, H4c6, H3c8, H3c10, H3c2, H2ac13, H2bc3"
"REACTOME_PRESYNAPTIC_FUNCTION_OF_KAINATE_RECEPTORS"	0.833333333333333	1	0.0504983044100709	0.436195485247045	0.701418808887121	3	"Gng7, Gng12"
"REACTOME_PRE_NOTCH_EXPRESSION_AND_PROCESSING"	0.00017406033709886	0.0020212312614133	0.518848077743792	-0.744815559484666	-1.99052553195271	19	"H4c12, H2bc15, H2bc7, H4c11, H2bc8, H3c6, H2ac4, H4c6, H3c8, H3c10, H3c2, H2ac13, H2bc3, Notch3"
"REACTOME_PRE_NOTCH_PROCESSING_IN_GOLGI"	0.575925925925926	0.936291005291005	0.0679922591544058	0.595846291981333	0.958143333750119	3	"Notch4, St3gal6"
"REACTOME_PROCESSING_OF_CAPPED_INTRON_CONTAINING_PRE_MRNA"	0.646370023419204	0.963812750230983	0.0739901439101341	-0.413327490359917	-0.846380968966941	6	"Srsf7, Hspa8, Nup107, Puf60"
"REACTOME_PROCESSING_OF_DNA_DOUBLE_STRAND_BREAK_ENDS"	0.000608582458268227	0.00532743721160956	0.477270815362862	-0.82776542134994	-1.95665878581987	11	"H4c12, H2bc15, H2bc7, H4c11, H2bc8, H4c6"
"REACTOME_PROGRAMMED_CELL_DEATH"	0.0976190476190476	0.478838259441708	0.222056046145248	-0.616819138240253	-1.4458074944145	10	"H1f3, H1f5"
"REACTOME_PROTEIN_FOLDING"	0.142857142857143	0.572434607645875	0.150169802128406	0.646219425561167	1.33262374214314	8	"Tuba4a, Gng7, Tubb3"
"REACTOME_PROTEIN_PROTEIN_INTERACTIONS_AT_SYNAPSES"	0.687919463087248	0.982895607073239	0.0547939500773363	0.425889843823118	0.847432786858761	7	"Lrrtm3, Cask"
"REACTOME_PROTEIN_UBIQUITINATION"	0.00594125548282302	0.0422571796215787	0.407017918923954	-0.856834081486461	-1.75456043221542	6	"H2bc15, H2bc7, H2bc8"
"REACTOME_PTEN_REGULATION"	0.354166666666667	0.821021811916003	0.0902635484340068	0.595672363822737	1.14042180946467	6	"Prex2, Mecom, Slc38a9, Hdac5"
"REACTOME_PURINE_SALVAGE"	0.426229508196721	0.866021848329169	0.0826646449123753	0.617527201941058	1.06357820386621	4	"Ampd3, Ampd1"
"REACTOME_RAB_GEFS_EXCHANGE_GTP_FOR_GDP_ON_RABS"	0.926406926406926	1	0.052805004567129	-0.346038114343029	-0.576525968311138	3	"Dennd5b, Rab38, Dennd4a"
"REACTOME_RAB_REGULATION_OF_TRAFFICKING"	0.926406926406926	1	0.052805004567129	-0.346038114343029	-0.576525968311138	3	"Dennd5b, Rab38, Dennd4a"
"REACTOME_RAC1_GTPASE_CYCLE"	0.808900523560209	1	0.0683110858318647	-0.271909416413795	-0.733629959190487	20	"Iqgap2, Vav2, Jag1, Prex1"
"REACTOME_RAC2_GTPASE_CYCLE"	0.749385749385749	1	0.0689567351672811	-0.35115110272069	-0.774585156157092	8	"Vav2, Prex1"
"REACTOME_RAC3_GTPASE_CYCLE"	0.248157248157248	0.717297560466693	0.136490437780413	-0.546972152218931	-1.20653617960323	8	"Vav2, Jag1, Prex1"
"REACTOME_RAF_ACTIVATION"	0.920529801324503	1	0.0540088272801684	-0.305220883534137	-0.55955762441029	4	"Raf1, Ppp2r5b, Jak2, Camk2d"
"REACTOME_RA_BIOSYNTHESIS_PATHWAY"	0.135416666666667	0.569200158297423	0.157402899305283	0.70199473008648	1.34397724141878	6	"Adh1, Aldh1a1, Rdh10"
"REACTOME_RECOGNITION_AND_ASSOCIATION_OF_DNA_GLYCOSYLASE_WITH_SITE_CONTAINING_AN_AFFECTED_PURINE"	0.000235930035385088	0.00253290924781349	0.518848077743792	-0.87682519075192	-2.00609430287057	9	"H4c12, H2bc15, H2bc7, H4c11, H2bc8, H2ac4, H4c6"
"REACTOME_RECRUITMENT_OF_MITOTIC_CENTROSOME_PROTEINS_AND_COMPLEXES"	0.227430555555556	0.692405158570855	0.11776578836269	0.646336581728572	1.23741905588465	6	"Tuba4a, Tubb4a, Ywhag, Pafah1b1, Hsp90aa1, Cdk11b"
"REACTOME_RECRUITMENT_OF_NUMA_TO_MITOTIC_CENTROSOMES"	0.25	0.717297560466693	0.11146266692298	0.638940324599913	1.22325883383943	6	"Tuba4a, Tubb3"
"REACTOME_RECYCLING_PATHWAY_OF_L1"	0.131487889273356	0.562530894710826	0.159646701919906	0.7381457661924	1.36272656378381	5	"Tuba4a, Tubb3, Rps6ka5"
"REACTOME_REGULATED_NECROSIS"	0.87037037037037	1	0.048505983646947	0.417143877738555	0.670783104717873	3	"Casp4, Birc3"
"REACTOME_REGULATION_OF_COMMISSURAL_AXON_PATHFINDING_BY_SLIT_AND_ROBO"	0.342163355408389	0.818029198434341	0.106729884364606	-0.632127851420199	-1.15887207575267	4	"Slit2, Robo1"
"REACTOME_REGULATION_OF_EXPRESSION_OF_SLITS_AND_ROBOS"	0.370283018867925	0.83940652484402	0.105920292736253	-0.587120551388003	-1.12174074109066	5	"Slit2, Robo1"
"REACTOME_REGULATION_OF_HSF1_MEDIATED_HEAT_SHOCK_RESPONSE"	0.692857142857143	0.983131457071607	0.0713052987340038	-0.348497682775785	-0.816869208988553	10	"Hsph1, Serpinh1, Hspa8, Hspa1b, Mapkapk2, Nup107, Hspa5"
"REACTOME_REGULATION_OF_INSULIN_LIKE_GROWTH_FACTOR_IGF_TRANSPORT_AND_UPTAKE_BY_INSULIN_LIKE_GROWTH_FACTOR_BINDING_PROTEINS_IGFBPS"	0.241379310344828	0.715337643678161	0.110122263835536	0.538849290520834	1.2230995753445	12	"Cp, Penk, Mmp2, Il6"
"REACTOME_REGULATION_OF_INSULIN_SECRETION"	0.726600985221675	1	0.070619624712259	-0.372956019804458	-0.793100346088492	7	"Gnai1, Plcb1"
"REACTOME_REGULATION_OF_LIPID_METABOLISM_BY_PPARALPHA"	0.880672268907563	1	0.0435378240914002	0.315524193548387	0.650669130192141	8	"Abca1, Rora, Nr1h4, Cd36, Med11, Fhl2, Clock, Med1"
"REACTOME_REGULATION_OF_MRNA_STABILITY_BY_PROTEINS_THAT_BIND_AU_RICH_ELEMENTS"	0.837037037037037	1	0.0502948063662358	0.434487794425166	0.69867277757148	3	"Zfp36, Mapkapk2, Hspa8"
"REACTOME_REGULATION_OF_PLK1_ACTIVITY_AT_G2_M_TRANSITION"	0.167820069204152	0.621155655938265	0.139599673451922	0.709338641002526	1.30954433810367	5	"Tuba4a, Tubb4a, Ywhag, Pafah1b1, Hsp90aa1"
"REACTOME_REGULATION_OF_PTEN_GENE_TRANSCRIPTION"	0.187613843351548	0.639235190820545	0.135002033828631	0.739429886722953	1.27353338983901	4	"Mecom, Slc38a9, Hdac5, Egr1"
"REACTOME_REGULATION_OF_TP53_ACTIVITY"	0.981292517006803	1	0.0391155247681459	0.234410219915784	0.492090821181379	9	"Sgk1, Trp53inp1, Ccng1, Rictor"
"REACTOME_REGULATION_OF_TP53_ACTIVITY_THROUGH_PHOSPHORYLATION"	0.768867924528302	1	0.0656813601934011	-0.377315249704286	-0.720890942801264	5	"Exo1, Blm, Ccna2"
"REACTOME_REGULATION_OF_TP53_EXPRESSION_AND_DEGRADATION"	0.778546712802768	1	0.0504983044100709	0.397185079558752	0.733262566071831	5	"Sgk1, Ccng1, Rictor"
"REACTOME_REPRODUCTION"	0.000583183296675889	0.00518486399700907	0.477270815362862	-0.747403219183408	-1.95926783700933	18	"H4c12, H2bc15, H2bc7, H4c11, H2bc8, H3c6, H2ac4, H4c6, H3c8, H3c10, H3c2, H2ac13, H2bc3"
"REACTOME_RESOLUTION_OF_SISTER_CHROMATID_COHESION"	0.760262725779967	1	0.0491927521045191	0.341393090159684	0.783415974000019	13	"Tuba4a, Tubb3"
"REACTOME_RESPONSE_TO_ELEVATED_PLATELET_CYTOSOLIC_CA2"	0.579288025889968	0.938843942942304	0.0611692626746689	0.372634048379466	0.92091748103708	17	"Tuba4a, Rarres2, Vegfd, Serping1, Selenop, Ttn"
"REACTOME_RESPONSE_TO_METAL_IONS"	0.175925925925926	0.630794009370817	0.141225119642531	0.784979548821068	1.26227675149591	3	"Mt1, Mt2"
"REACTOME_RET_SIGNALING"	0.23841059602649	0.710238896016088	0.131457611642763	-0.688253115163324	-1.26176581908328	4	"Gfra2"
"REACTOME_RHOA_GTPASE_CYCLE"	0.960975609756098	1	0.0380056241581377	0.235707468627387	0.563732522026614	15	"Prex2, Arhgap28, Arhgap18, Arhgap24, Arhgap20, Pik3r1, Erbin, Plekhg6"
"REACTOME_RHOBTB1_GTPASE_CYCLE"	0.363636363636364	0.827636363636364	0.101713902282311	-0.687061183550652	-1.14469648780617	3	"Cct7, Pde5a, Txnl1"
"REACTOME_RHOBTB2_GTPASE_CYCLE"	0.536299765807963	0.907260570878803	0.0838361057159929	-0.4653891203228	-0.952988861840491	6	"Hsp90aa1, Cct7, Txnl1, Cct6a, Actn1"
"REACTOME_RHOBTB_GTPASE_CYCLE"	0.416256157635468	0.866021848329169	0.101350743797099	-0.496031510468508	-1.05482346907722	7	"Hsp90aa1, Cct7, Pde5a, Txnl1, Cct6a, Actn1"
"REACTOME_RHOB_GTPASE_CYCLE"	0.466981132075472	0.866021848329169	0.0919686140000427	-0.531632315662602	-1.01572603164594	5	"Vav2, Prex1"
"REACTOME_RHOC_GTPASE_CYCLE"	0.641686182669789	0.960840626155553	0.0743625384422526	-0.414639211967869	-0.849067013886398	6	"Vav2, Prex1"
"REACTOME_RHOD_GTPASE_CYCLE"	0.917452830188679	1	0.0572461135202884	-0.292462311557789	-0.558772622304474	5	"Lmnb1, Actn1, Pik3r1, Cpne8, Diaph2"
"REACTOME_RHOF_GTPASE_CYCLE"	0.613583138173302	0.948333333333333	0.0766746872490091	-0.428850841079811	-0.878168519832423	6	"Basp1, Lmnb1"
"REACTOME_RHOG_GTPASE_CYCLE"	0.307125307125307	0.797964839060729	0.120985142145252	-0.520875221982805	-1.1489703778001	8	"Iqgap2, Vav2, Prex1"
"REACTOME_RHOJ_GTPASE_CYCLE"	0.966386554621849	1	0.0392758570896778	0.242598586355084	0.500283066709742	8	"Gja1, Pak3, Cpne8, Nipsnap2, Pik3r1"
"REACTOME_RHOQ_GTPASE_CYCLE"	0.97877358490566	1	0.0542315935495841	-0.246824855517737	-0.471578614806636	5	"Prex1, Plekhg3, Cdc42bpb"
"REACTOME_RHOU_GTPASE_CYCLE"	0.92962962962963	1	0.0454967810085007	0.366587875651942	0.589487144615024	3	"Pak3, Pik3r1"
"REACTOME_RHO_GTPASES_ACTIVATE_FORMINS"	0.933333333333333	1	0.0393561959521291	0.258463918172963	0.618158250534091	15	"Tuba4a, Tubb3"
"REACTOME_RHO_GTPASES_ACTIVATE_IQGAPS"	0.604735883424408	0.948333333333333	0.0647943366000727	0.532612292788654	0.917327728949645	4	"Tuba4a, Tubb3"
"REACTOME_RHO_GTPASES_ACTIVATE_PKNS"	7.74646234797894e-06	0.000223190925699129	0.593325476396405	-0.831107315698277	-2.10057800156744	16	"H4c12, H2bc15, H2bc7, H4c11, H2bc8, H3c6, H2ac4, H4c6, H3c8, H3c10, H3c2, H2ac13, H2bc3"
"REACTOME_RHO_GTPASE_CYCLE"	0.994152046783626	1	0.0636424081651019	-0.186891149814001	-0.602643109986892	42	"Iqgap2, Basp1, Vav2, Jag1, Ckb, Prex1"
"REACTOME_RHO_GTPASE_EFFECTORS"	0.000104759856868913	0.00138624089670725	0.538434096309916	-0.633894524262899	-1.99415996071829	37	"H4c12, H2bc15, H2bc7, H4c11, H2bc8, Evl, Iqgap2, H3c6, H2ac4, H4c6, H3c8, H3c10, H3c2, Zw10, Bub1, H2ac13, H2bc3"
"REACTOME_RMTS_METHYLATE_HISTONE_ARGININES"	1.89654088947842e-05	0.000372114402108006	0.575610261071129	-0.827208698298424	-2.12886359851344	17	"H4c12, H2ac15, H2ac7, H4c11, H2ac8, H3c6, H2ac4, H4c6, H3c8, H3c10, H3c2, H2ac13, Wdr5"
"REACTOME_RNA_POLYMERASE_II_TRANSCRIBES_SNRNA_GENES"	0.905660377358491	1	0.0578529757032509	-0.301932681821501	-0.576866521645767	5	"Ints3, Ice1, Ints13"
"REACTOME_RNA_POLYMERASE_II_TRANSCRIPTION"	0.0355129405622338	0.206192481427663	0.321775918075361	-0.367712883243822	-1.3398778684138	84	"H4c12, H2bc15, H2bc7, H4c11, H2bc8, H3c6, H2ac4, Rbfox1, H4c6, H3c8, Plagl1, H3c10, Ccnd2, Jag1, H3c2, H2ac13, Srsf7, Exo1, Wdr5, H2bc3, Notch3"
"REACTOME_RNA_POLYMERASE_I_PROMOTER_ESCAPE"	8.05115605143737e-06	0.000223190925699129	0.593325476396405	-0.854045174843612	-2.14237311210046	15	"H4c12, H2bc15, H2bc7, H4c11, H2bc8, H3c6, H2ac4, H4c6, H3c8, H3c10, H3c2, H2ac13, H2bc3"
"REACTOME_RNA_POLYMERASE_I_TRANSCRIPTION"	8.05115605143737e-06	0.000223190925699129	0.593325476396405	-0.854045174843612	-2.14237311210046	15	"H4c12, H2bc15, H2bc7, H4c11, H2bc8, H3c6, H2ac4, H4c6, H3c8, H3c10, H3c2, H2ac13, H2bc3"
"REACTOME_RND1_GTPASE_CYCLE"	0.867965367965368	1	0.055826471778749	-0.378134403209629	-0.6300008407342	3	"Pkp4, Txnl1, Pik3r1"
"REACTOME_RND2_GTPASE_CYCLE"	0.788079470198676	1	0.0613026075396207	-0.3785140562249	-0.693925080271971	4	"Pkp4, Txnl1, Prag1, Pik3r1"
"REACTOME_RND3_GTPASE_CYCLE"	0.556291390728477	0.924628399369115	0.0787113806986485	-0.512902317211059	-0.940297396593621	4	"Ckb, Pkp4, Txnl1"
"REACTOME_RUNX1_REGULATES_GENES_INVOLVED_IN_MEGAKARYOCYTE_DIFFERENTIATION_AND_PLATELET_FUNCTION"	1.72083006263485e-05	0.000362649002088604	0.575610261071129	-0.816876202999658	-2.0646096474116	16	"H4c12, H2bc15, H2bc7, H4c11, H2bc8, H3c6, H2ac4, H4c6, H3c8, H3c10, H3c2, H2ac13, Wdr5, H2bc3"
"REACTOME_RUNX1_REGULATES_TRANSCRIPTION_OF_GENES_INVOLVED_IN_DIFFERENTIATION_OF_HSCS"	3.59594592446492e-06	0.000186008475547322	0.627256739718528	-0.86395079434076	-2.14505068420478	14	"H4c12, H2bc15, H2bc7, H4c11, H2bc8, H3c6, H2ac4, H4c6, H3c8, H3c10, H3c2, H2ac13, H2bc3"
"REACTOME_RUNX2_REGULATES_BONE_DEVELOPMENT"	0.280510018214936	0.759439429595027	0.107140237276725	0.693782677104348	1.19491437991514	4	"Rb1, Ar, Gli3"
"REACTOME_RUNX2_REGULATES_OSTEOBLAST_DIFFERENTIATION"	0.280510018214936	0.759439429595027	0.107140237276725	0.693782677104348	1.19491437991514	4	"Rb1, Ar, Gli3"
"REACTOME_RUNX3_REGULATES_NOTCH_SIGNALING"	0.952380952380952	1	0.051530912208539	-0.325622622103338	-0.542512196578558	3	"Jag1"
"REACTOME_SARS_COV_INFECTIONS"	0.290816326530612	0.766085600907029	0.100633389423036	0.560840303528229	1.17735636958991	9	"Atp1a3, Rb1"
"REACTOME_SCAVENGING_BY_CLASS_F_RECEPTORS"	0.279220779220779	0.759439429595027	0.118815039412263	-0.728184553660983	-1.21321116809822	3	"Hsph1, Hyou1, Hsp90aa1"
"REACTOME_SCF_SKP2_MEDIATED_DEGRADATION_OF_P27_P21"	0.463203463203463	0.866021848329169	0.0875697115548511	-0.63691073219659	-1.06114199964514	3	"Cdkn1b, Ccna2, Ccne1"
"REACTOME_SEALING_OF_THE_NUCLEAR_ENVELOPE_NE_BY_ESCRT_III"	0.109259259259259	0.505435109906655	0.183023938384487	0.823935099240645	1.3249187473418	3	"Tuba4a, Tubb3"
"REACTOME_SELECTIVE_AUTOPHAGY"	0.401041666666667	0.861104559748428	0.0833634065110386	0.569380419890928	1.0900855707971	6	"Tuba4a, Tubb3"
"REACTOME_SEMA3A_PAK_DEPENDENT_AXON_REPULSION"	0.994444444444444	1	0.0424170054438747	0.278813270826949	0.448342266116303	3	"Pak3, Sema3a"
"REACTOME_SEMAPHORIN_INTERACTIONS"	0.94047619047619	1	0.0410713282497468	0.277190209984195	0.581897658316974	9	"Sema4a, Rras, Pak3"
"REACTOME_SENESCENCE_ASSOCIATED_SECRETORY_PHENOTYPE_SASP"	6.62237581264443e-05	0.000975687622820303	0.538434096309916	-0.765692286124358	-2.06588947168725	20	"H4c12, H2bc15, H2bc7, H4c11, H2bc8, H3c6, H2ac4, H4c6, H3c8, H3c10, H3c2, H2ac13, H2bc3"
"REACTOME_SENSORY_PERCEPTION"	0.737104825291181	1	0.051218434854034	0.352862921169928	0.777432430252097	11	"Grk1, Cyp4v3, Rdh10, Cask, Lrp1"
"REACTOME_SEPARATION_OF_SISTER_CHROMATIDS"	0.796387520525452	1	0.0470699590082662	0.322521695331363	0.755978357058039	14	"Tuba4a, Tubb3"
"REACTOME_SERINE_BIOSYNTHESIS"	0.631346578366446	0.954249513783097	0.0721797965581253	-0.466789047042325	-0.855758515732538	4	"Phgdh, Serinc5, Psat1"
"REACTOME_SIALIC_ACID_METABOLISM"	0.183333333333333	0.630794009370817	0.138022242496643	0.782663562989435	1.25855255883834	3	"St6galnac5, St3gal6"
"REACTOME_SIGNALING_BY_BMP"	0.482683982683983	0.877467048393566	0.0852884689790502	-0.616850551654965	-1.02772020438072	3	"Chrdl1, Fstl1, Bmpr1b"
"REACTOME_SIGNALING_BY_BRAF_AND_RAF_FUSIONS"	0.611793611793612	0.948333333333333	0.0793434960134973	-0.403495505006632	-0.8900488317784	8	"Raf1, Papss1, Pebp1, Fn1, Trim24"
"REACTOME_SIGNALING_BY_CSF3_G_CSF"	0.898148148148148	1	0.0470699590082662	0.396802017807961	0.638072625940255	3	"Socs3, Jak2"
"REACTOME_SIGNALING_BY_CYTOSOLIC_FGFR1_FUSION_MUTANTS"	0.867965367965368	1	0.055826471778749	-0.378134403209629	-0.6300008407342	3	"Trim24, Lrrfip1, Pik3r1"
"REACTOME_SIGNALING_BY_EGFR"	0.670309653916211	0.977964597636729	0.0598603117764473	0.50488321652568	0.869569442296132	4	"Egfr, Spry2, Pik3r1"
"REACTOME_SIGNALING_BY_EGFR_IN_CANCER"	0.935185185185185	1	0.0452247443372884	0.360932287082216	0.580392744667518	3	"Egfr, Pik3r1"
"REACTOME_SIGNALING_BY_ERBB2"	0.839708561020036	1	0.0493910105981501	0.403682766473485	0.695270087452102	4	"Egfr, Pik3r1, Erbin"
"REACTOME_SIGNALING_BY_ERBB2_ECD_MUTANTS"	0.839708561020036	1	0.0493910105981501	0.403682766473485	0.695270087452102	4	"Egfr, Pik3r1, Erbin"
"REACTOME_SIGNALING_BY_ERBB2_IN_CANCER"	0.839708561020036	1	0.0493910105981501	0.403682766473485	0.695270087452102	4	"Egfr, Pik3r1, Erbin"
"REACTOME_SIGNALING_BY_ERBB4"	0.589965397923875	0.942950312973835	0.0635007968065945	0.498818937506008	0.92089374184756	5	"Cxcl12, Egfr, Pik3r1, Apoe"
"REACTOME_SIGNALING_BY_FGFR"	0.320069204152249	0.807404540763674	0.0959206777921745	0.625125628140703	1.15407462615905	5	"Fgf7, Spry2, Fgf2, Fgfr1, Pik3r1"
"REACTOME_SIGNALING_BY_FGFR1"	0.408014571948998	0.863049410553829	0.0850427463764322	0.624497991967871	1.0755841208735	4	"Spry2, Fgf2, Fgfr1, Pik3r1"
"REACTOME_SIGNALING_BY_FGFR1_IN_DISEASE"	0.910377358490566	1	0.057609110864425	-0.298492462311558	-0.570293707300442	5	"Trim24, Lrrfip1, Pik3r1, Fgfr1, Fgf2"
"REACTOME_SIGNALING_BY_FGFR2"	0.408014571948998	0.863049410553829	0.0850427463764322	0.624497991967871	1.0755841208735	4	"Fgf7, Spry2, Fgf2, Pik3r1"
"REACTOME_SIGNALING_BY_FGFR2_IN_DISEASE"	0.522222222222222	0.892325658992326	0.0728938564822936	0.623871614844534	1.00320911101338	3	"Fgf7, Fgf2, Pik3r1"
"REACTOME_SIGNALING_BY_FGFR3"	0.522222222222222	0.892325658992326	0.0728938564822936	0.623871614844534	1.00320911101338	3	"Spry2, Fgf2, Pik3r1"
"REACTOME_SIGNALING_BY_FGFR4"	0.522222222222222	0.892325658992326	0.0728938564822936	0.623871614844534	1.00320911101338	3	"Spry2, Fgf2, Pik3r1"
"REACTOME_SIGNALING_BY_FGFR_IN_DISEASE"	0.722222222222222	1	0.0541200569620232	0.417984894042819	0.800237039929325	6	"Fgf7, Fgf2, Fgfr1, Pik3r1"
"REACTOME_SIGNALING_BY_GPCR"	0.195454545454545	0.646590909090909	0.118815039412263	0.407782546511128	1.22184767916409	42	"Cnr1, Cxcl13, Mmp3, Ptgfr, Rln1, Penk, Gng7, Cxcl12, Ccl11, Pde1a, Ppp3cc, Adm, F2r"
"REACTOME_SIGNALING_BY_HEDGEHOG"	0.804123711340206	1	0.048701086452153	0.340297700493385	0.731655635478546	10	"Tuba4a, Gas1, Tubb3"
"REACTOME_SIGNALING_BY_INSULIN_RECEPTOR"	0.613583138173302	0.948333333333333	0.0766746872490091	-0.430074774752811	-0.880674799216847	6	"Pde3b"
"REACTOME_SIGNALING_BY_INTERLEUKINS"	0.257621951219512	0.732934451219512	0.101350743797099	0.381807148094417	1.15587851090152	46	"Blnk, Lif, Mmp3, Stx3, Ccl11, Il1rl1, Mmp2, Lifr, Il6, Map3k8, Il17ra, Rps6ka5, Icam1, Sod2, Nfkb1, Ptgs2, Socs3, Rora"
"REACTOME_SIGNALING_BY_MET"	0.428571428571429	0.866021848329169	0.0965629554309422	-0.518549831675908	-1.06184737097773	6	"Col5a3, Ptprj, Fn1"
"REACTOME_SIGNALING_BY_MODERATE_KINASE_ACTIVITY_BRAF_MUTANTS"	0.807962529274005	1	0.0629394692018967	-0.329972642298915	-0.67569317607775	6	"Raf1, Pebp1, Fn1"
"REACTOME_SIGNALING_BY_NOTCH"	0.000162359087167848	0.00192463167913553	0.518848077743792	-0.698268731419515	-2.0400201572521	26	"H4c12, H2bc15, H2bc7, H4c11, H2bc8, H3c6, H2ac4, H4c6, H3c8, H3c10, Jag1, H3c2, Acta2, H2ac13, H2bc3, Notch3"
"REACTOME_SIGNALING_BY_NOTCH1"	0.697986577181208	0.987641946485106	0.0541200569620232	0.423148651298814	0.841978380152711	7	"Hdac5, Maml2, Maml3, Myc"
"REACTOME_SIGNALING_BY_NOTCH1_PEST_DOMAIN_MUTANTS_IN_CANCER"	0.689236111111111	0.982895607073239	0.0562940749700968	0.434082922602352	0.831056906644075	6	"Hdac5, Maml2, Maml3, Myc"
"REACTOME_SIGNALING_BY_NOTCH2"	0.952380952380952	1	0.051530912208539	-0.325622622103338	-0.542512196578558	3	"Jag1"
"REACTOME_SIGNALING_BY_NOTCH3"	0.949652777777778	1	0.0415717899246479	0.284431935365496	0.544548315650223	6	"Maml2, Egfr, Maml3"
"REACTOME_SIGNALING_BY_NOTCH4"	0.84375	1	0.0469758727821845	0.355771403324655	0.681128573653331	6	"Notch4, Maml2, Maml3"
"REACTOME_SIGNALING_BY_NTRKS"	0.942176870748299	1	0.0409883873374721	0.277045400589159	0.581593664002462	9	"Rps6ka5, F3, Sgk1, Egr1, Pik3r1, Dnm3"
"REACTOME_SIGNALING_BY_NUCLEAR_RECEPTORS"	0.001333778810866	0.0109988426577211	0.45505986738723	-0.578064358436294	-1.84653783843535	39	"H4c12, H2bc15, H2bc7, Arl4c, H4c11, H2bc8, Mmp9, H3c6, Gnai1, H2ac4, H4c6, H3c8, H3c10, Fabp5, H3c2"
"REACTOME_SIGNALING_BY_PDGF"	0.123809523809524	0.558642763170813	0.195789002148949	-0.585257180403745	-1.37182711289034	10	"Pdgfc, Pdgfa, Col5a3"
"REACTOME_SIGNALING_BY_PDGFR_IN_DISEASE"	0.761111111111111	1	0.0546808488785442	0.485971855634198	0.781461091782156	3	"Pdgfra, Pik3r1, Kank1"
"REACTOME_SIGNALING_BY_PTK6"	0.503355704697987	0.892325658992326	0.0697792517076235	0.496085197853601	0.987107036792966	7	"Gpnmb, Egfr, Socs3"
"REACTOME_SIGNALING_BY_RECEPTOR_TYROSINE_KINASES"	0.782234957020057	1	0.0745500777420554	-0.252254497213886	-0.82625798401499	45	"Pde3b, Mmp9, Pdgfc, Pdgfa, Vav2"
"REACTOME_SIGNALING_BY_RETINOIC_ACID"	0.444630872483221	0.866021848329169	0.0760837160951725	0.527323293599329	1.04926439254564	7	"Adh1, Aldh1a1, Rdh10"
"REACTOME_SIGNALING_BY_RHO_GTPASES_MIRO_GTPASES_AND_RHOBTB3"	0.000345633484514897	0.00345437321969852	0.49849310876659	-0.489638713622377	-1.7665551951108	75	"H4c12, H2bc15, H2bc7, H4c11, H2bc8, Evl, Iqgap2, H3c6, H2ac4, Basp1, H4c6, Vav2, H3c8, H3c10, Jag1, Ckb, H3c2, Zw10, Bub1, Prex1, H2ac13"
"REACTOME_SIGNALING_BY_ROBO_RECEPTORS"	0.259351620947631	0.734184439399015	0.134273452883202	-0.507002936566847	-1.19844550724548	11	"Slit2, Evl, Enah"
"REACTOME_SIGNALING_BY_SCF_KIT"	0.283549783549784	0.759439429595027	0.11776578836269	-0.723986647068039	-1.2062171346	3	"Mmp9"
"REACTOME_SIGNALING_BY_TGFB_FAMILY_MEMBERS"	0.879310344827586	1	0.0613026075396207	-0.289023162134945	-0.614615015564028	7	"Chrdl1, Fstl1, Ppp1r15a, Bmpr1b, Pard6a, Tgfb1, Myc"
"REACTOME_SIGNALING_BY_TGF_BETA_RECEPTOR_COMPLEX"	0.92896174863388	1	0.044774889329693	0.352109207696579	0.606444019809229	4	"Myc, Tgfb1, Pard6a"
"REACTOME_SIGNALING_BY_THE_B_CELL_RECEPTOR_BCR"	0.10200364298725	0.496068998801239	0.188204146308491	0.790674466960611	1.36179285182826	4	"Blnk, Nfkb1"
"REACTOME_SIGNALING_BY_TYPE_1_INSULIN_LIKE_GROWTH_FACTOR_1_RECEPTOR_IGF1R"	0.683962264150943	0.982895607073239	0.0714786287425507	-0.434011622114605	-0.829213893947073	5	"Pde3b"
"REACTOME_SIGNALING_BY_VEGF"	1	1	0.0372254009247509	0.155211007842302	0.341963022435585	11	"Vegfd, Nrp2, Pak3, Rictor, Pik3r1, Cyba"
"REACTOME_SIGNALING_BY_WNT"	4.77189874734865e-06	0.000208862337480106	0.610526878385931	-0.763108527357931	-2.22945222653233	26	"H4c12, H2bc15, H2bc7, H4c11, H2bc8, H3c6, H2ac4, H4c6, H3c8, Wnt5a, H3c10, Plcb1, Sox4, H3c2, H2ac13, H2bc3"
"REACTOME_SIGNAL_AMPLIFICATION"	0.865800865800866	1	0.0559428593065705	-0.379727130821255	-0.632654446769165	3	"Gnai1"
"REACTOME_SIGNAL_TRANSDUCTION_BY_L1"	0.165094339622642	0.618017626613704	0.166933848713193	-0.687299527540889	-1.31314068218586	5	"Ncam1, Vav2"
"REACTOME_SIRT1_NEGATIVELY_REGULATES_RRNA_EXPRESSION"	3.40342061324254e-06	0.000186008475547322	0.627256739718528	-0.844915741383756	-2.13547803755957	16	"H4c12, H2bc15, H2bc7, H4c11, H2bc8, H3c6, H2ac4, H4c6, H3c8, H3c10, H3c2, H2ac13, H2bc3"
"REACTOME_SLC_MEDIATED_TRANSMEMBRANE_TRANSPORT"	0.486842105263158	0.878718773504889	0.0959206777921745	-0.390912929327364	-0.988010915513891	16	"Slc38a4"
"REACTOME_SLC_TRANSPORTER_DISORDERS"	0.356401384083045	0.821021811916003	0.0897104652742981	0.607329285089994	1.12121993739139	5	"Cp, Heph"
"REACTOME_SMOOTH_MUSCLE_CONTRACTION"	0.794701986754967	1	0.0609039347452418	-0.372751011818819	-0.68335976311576	4	"Acta2, Anxa2"
"REACTOME_SPHINGOLIPID_DE_NOVO_BIOSYNTHESIS"	0.525925925925926	0.894114128809504	0.0725351864394589	0.621796497734126	0.999872244353562	3	"Plpp3, Prkd1, Cers1"
"REACTOME_SPHINGOLIPID_METABOLISM"	0.884083044982699	1	0.0446854397644147	0.340059818132242	0.627800860844482	5	"Plpp3, Arsk, Prkd1"
"REACTOME_STIMULI_SENSING_CHANNELS"	0.65916955017301	0.971677393907883	0.0582216241124161	0.469087649619063	0.866005374759801	5	"Mcoln2, Sgk1"
"REACTOME_SUMOYLATION"	0.110526315789474	0.507173174872666	0.219250346703755	-0.550258847173832	-1.39074895348512	16	"H4c12, H4c11, H4c6"
"REACTOME_SUMOYLATION_OF_CHROMATIN_ORGANIZATION_PROTEINS"	0.0107967996880542	0.0706135519827912	0.380730400722792	-0.869334045534535	-1.66093217855835	5	"H4c12, H4c11, H4c6"
"REACTOME_SUMOYLATION_OF_DNA_DAMAGE_RESPONSE_AND_REPAIR_PROTEINS"	0.46969696969697	0.866021848329169	0.086794975677172	-0.626880641925777	-1.04443110201293	3	"Nup107, Blm, Nup43"
"REACTOME_SUMOYLATION_OF_DNA_REPLICATION_PROTEINS"	0.465367965367965	0.866021848329169	0.0873098257637931	-0.631384831183871	-1.05193542586006	3	"Birc5, Nup107"
"REACTOME_SUMOYLATION_OF_INTRACELLULAR_RECEPTORS"	0.13840830449827	0.570683516373301	0.155241966228839	0.735416549588361	1.35768802514418	5	"Nr4a2, Thrb, Ar, Rora"
"REACTOME_SWITCHING_OF_ORIGINS_TO_A_POST_REPLICATIVE_STATE"	0.463203463203463	0.866021848329169	0.0875697115548511	-0.63691073219659	-1.06114199964514	3	"Anapc1, Ccna2, Ccne1"
"REACTOME_SYNDECAN_INTERACTIONS"	0.819047619047619	1	0.0630790410571939	-0.300490644709042	-0.704342001062485	10	"Sdc3, Col5a3, Fn1, Actn1, Itgb3, Itga6"
"REACTOME_SYNTHESIS_OF_PROSTAGLANDINS_PG_AND_THROMBOXANES_TX"	0.616666666666667	0.948333333333333	0.0646484568421928	0.570712136409228	0.917726662647287	3	"Ptgs2, Ptges, Hpgd"
"REACTOME_SYNTHESIS_OF_SUBSTRATES_IN_N_GLYCAN_BIOSYTHESIS"	0.183333333333333	0.630794009370817	0.138022242496643	0.782663562989435	1.25855255883834	3	"St6galnac5, St3gal6"
"REACTOME_S_PHASE"	0.938574938574939	1	0.0580983576873206	-0.247357323178971	-0.545632092044386	8	"Cdc25a, Cdkn1b, Anapc1, Ccna2, Cdc45, Ccne1"
"REACTOME_TCF_DEPENDENT_SIGNALING_IN_RESPONSE_TO_WNT"	6.97591777141389e-07	0.000116823483242399	0.659444398037935	-0.841065187196431	-2.24775343080833	19	"H4c12, H2bc15, H2bc7, H4c11, H2bc8, H3c6, H2ac4, H4c6, H3c8, Wnt5a, H3c10, Sox4, H3c2, H2ac13, H2bc3"
"REACTOME_TCR_SIGNALING"	0.352216748768473	0.821021811916003	0.111918316325105	-0.523328794245287	-1.11287182883286	7	"Evl, Enah"
"REACTOME_TELOMERE_MAINTENANCE"	0.000162340400785834	0.00192463167913553	0.518848077743792	-0.837900245315486	-2.02442418335436	12	"H4c12, H2bc15, H2bc7, H4c11, H2bc8, H2ac4, H4c6"
"REACTOME_THE_CANONICAL_RETINOID_CYCLE_IN_RODS_TWILIGHT_VISION"	0.275925925925926	0.759439429595027	0.109250039480711	0.739217821855686	1.1886901667964	3	"Cyp4v3, Rdh10"
"REACTOME_THE_CITRIC_ACID_TCA_CYCLE_AND_RESPIRATORY_ELECTRON_TRANSPORT"	0.0219369706613866	0.131390908487674	0.352487857583619	0.861683920977922	1.48409371132701	4	"Slc16a3, Pdp1, Ucp1"
"REACTOME_THE_ROLE_OF_GTSE1_IN_G2_M_PROGRESSION_AFTER_G2_CHECKPOINT"	0.180327868852459	0.630794009370817	0.138022242496643	0.741904018391072	1.2777946312992	4	"Tuba4a, Tubb3"
"REACTOME_THROMBIN_SIGNALLING_THROUGH_PROTEINASE_ACTIVATED_RECEPTORS_PARS"	0.42037037037037	0.866021848329169	0.0843144320642653	0.680437833036147	1.09416972552946	3	"Gng7, F2r, Gng12"
"REACTOME_TNFR2_NON_CANONICAL_NF_KB_PATHWAY"	0.61038961038961	0.948333333333333	0.0728938564822936	-0.535748683254523	-0.89259828782486	3	"Tnfrsf11b"
"REACTOME_TOLL_LIKE_RECEPTOR_9_TLR9_CASCADE"	0.395264116575592	0.851913948225424	0.086794975677172	0.630253415842562	1.08549679090308	4	"Map3k8, Rps6ka5, Nfkb1"
"REACTOME_TOLL_LIKE_RECEPTOR_CASCADES"	0.485714285714286	0.878718773504889	0.0716527366829457	0.488370237899364	1.00710957956058	8	"Map3k8, Rps6ka5, Nfkb1, Ikbke, Birc3, Dnm3"
"REACTOME_TOLL_LIKE_RECEPTOR_TLR1_TLR2_CASCADE"	0.36159169550173	0.826287850363391	0.0888945288620449	0.605831476303039	1.11845476022052	5	"Map3k8, Rps6ka5, Nfkb1"
"REACTOME_TP53_REGULATES_METABOLIC_GENES"	0.674074074074074	0.980254439438113	0.0603786357920401	0.540653640730111	0.869391466733365	3	"Slc38a9, Prdx5"
"REACTOME_TP53_REGULATES_TRANSCRIPTION_OF_ADDITIONAL_CELL_CYCLE_GENES_WHOSE_EXACT_ROLE_IN_THE_P53_PATHWAY_REMAIN_UNCERTAIN"	0.341991341991342	0.818029198434341	0.105520936843198	-0.695085255767302	-1.15806520591194	3	"Plagl1, Tnks1bp1, Cnot6"
"REACTOME_TP53_REGULATES_TRANSCRIPTION_OF_CELL_CYCLE_GENES"	0.194379391100703	0.646590909090909	0.152144922367565	-0.638832997987928	-1.3081541984402	6	"Plagl1, Tnks1bp1, Cdkn1b, Ccna2, Cnot6, Ccne1"
"REACTOME_TP53_REGULATES_TRANSCRIPTION_OF_CELL_DEATH_GENES"	0.988888888888889	1	0.0426733861156084	0.292582115659629	0.470483088451546	3	"Trp53inp1, Bcl6"
"REACTOME_TP53_REGULATES_TRANSCRIPTION_OF_GENES_INVOLVED_IN_G1_CELL_CYCLE_ARREST"	0.463203463203463	0.866021848329169	0.0875697115548511	-0.63691073219659	-1.06114199964514	3	"Cdkn1b, Ccna2, Ccne1"
"REACTOME_TRANSCRIPTIONAL_REGULATION_BY_MECP2"	0.737306843267108	1	0.0645031249656493	-0.401920185583202	-0.736835244179242	4	"Rbfox1"
"REACTOME_TRANSCRIPTIONAL_REGULATION_BY_RUNX1"	5.32267294075901e-05	0.000841278028692187	0.557332238758646	-0.753873793793382	-2.06569516114001	21	"H4c12, H2bc15, H2bc7, H4c11, H2bc8, H3c6, H2ac4, H4c6, H3c8, H3c10, Ccnd2, H3c2, H2ac13, Wdr5, H2bc3"
"REACTOME_TRANSCRIPTIONAL_REGULATION_BY_RUNX2"	0.184027777777778	0.630794009370817	0.132846300606183	0.672107163678726	1.28675714085127	6	"Rb1, Ar, Gli3, Itgbl1"
"REACTOME_TRANSCRIPTIONAL_REGULATION_BY_RUNX3"	0.897569444444444	1	0.0441523058441465	0.328088324776729	0.628128991254418	6	"Maml2, Maml3, Myc, Tgfb1"
"REACTOME_TRANSCRIPTIONAL_REGULATION_BY_SMALL_RNAS"	4.21482143032844e-06	0.000199852782821407	0.610526878385931	-0.841788935481654	-2.12757520772151	16	"H4c12, H2bc15, H2bc7, H4c11, H2bc8, H3c6, H2ac4, H4c6, H3c8, H3c10, H3c2, H2ac13, H2bc3"
"REACTOME_TRANSCRIPTIONAL_REGULATION_BY_THE_AP_2_TFAP2_FAMILY_OF_TRANSCRIPTION_FACTORS"	0.834244080145719	1	0.0496901392724606	0.407897898608563	0.702529885322047	4	"Egfr, Myc, Apoe"
"REACTOME_TRANSCRIPTIONAL_REGULATION_BY_TP53"	0.992146596858639	1	0.0584693210386381	-0.1763014557044	-0.475673227722321	20	"Plagl1, Exo1, Birc5, Tnks1bp1, Blm, Cdkn1b, Ccna2, Cnot6, Elob, Ywhag, Daxx, Ccne1"
"REACTOME_TRANSCRIPTIONAL_REGULATION_BY_VENTX"	0.555555555555556	0.924628399369115	0.0689567351672811	0.560641680455988	0.965603247334887	4	"Il6, Nfkb1, Csf1r"
"REACTOME_TRANSCRIPTIONAL_REGULATION_OF_GRANULOPOIESIS"	1.42149970204958e-05	0.000323533332186485	0.593325476396405	-0.845296641507435	-2.12042740812389	15	"H4c12, H2bc15, H2bc7, H4c11, H2bc8, H3c6, H2ac4, H4c6, H3c8, H3c10, H3c2, H2ac13, H2bc3"
"REACTOME_TRANSCRIPTIONAL_REGULATION_OF_PLURIPOTENT_STEM_CELLS"	0.622950819672131	0.953910953162777	0.0633597010643758	0.524430110213974	0.903235408774713	4	"Nr6a1, Fgf2"
"REACTOME_TRANSCRIPTIONAL_REGULATION_OF_WHITE_ADIPOCYTE_DIFFERENTIATION"	0.996527777777778	1	0.0393561959521291	0.214458352464431	0.410583060799981	6	"Nfkb1, Tgfb1"
"REACTOME_TRANSLATION"	0.22877358490566	0.692405158570855	0.139599673451922	-0.651256281407035	-1.2442771795646	5	"Eif4a2, Srp68, Eif3j1, Yars, Eif2b1"
"REACTOME_TRANSLOCATION_OF_SLC2A4_GLUT4_TO_THE_PLASMA_MEMBRANE"	0.143897996357013	0.572573146343638	0.156312403073186	0.760272641804819	1.30943124169705	4	"Tuba4a, Tubb3"
"REACTOME_TRANSMISSION_ACROSS_CHEMICAL_SYNAPSES"	0.881028938906752	1	0.041488040200221	0.268439319074439	0.657612076727982	16	"Tuba4a, Gng7, Tubb3, Cacna1a, Camk2d, Cask, Gng12"
"REACTOME_TRANSPORT_OF_BILE_SALTS_AND_ORGANIC_ACIDS_METAL_IONS_AND_AMINE_COMPOUNDS"	0.152249134948097	0.589318080173246	0.147331213699377	0.723890579512719	1.33640937488994	5	"Cp, Slc16a3, Slc10a6"
"REACTOME_TRANSPORT_OF_CONNEXONS_TO_THE_PLASMA_MEMBRANE"	0.14207650273224	0.572434607645875	0.157402899305283	0.761695847236745	1.31188245400359	4	"Tuba4a, Tubb3, Gja1"
"REACTOME_TRANSPORT_OF_INORGANIC_CATIONS_ANIONS_AND_AMINO_ACIDS_OLIGOPEPTIDES"	0.00880267967134883	0.0589261733293822	0.380730400722792	-0.802120214823588	-1.70572878891915	7	"Slc38a4"
"REACTOME_TRANSPORT_OF_MATURE_TRANSCRIPT_TO_CYTOPLASM"	0.856512141280353	1	0.0573667426768556	-0.344737173604366	-0.632002344251134	4	"Srsf7, Nup107"
"REACTOME_TRANSPORT_OF_SMALL_MOLECULES"	0.137048192771084	0.569200158297423	0.144630528034484	0.412903742822431	1.26246798699091	48	"Atp1a3, Car4, Cp, Vldlr, Slco2b1, Abcb1a, Slc16a2, Mcoln2, Gng7, Abca6, Slc16a3"
"REACTOME_TRANSPORT_OF_VITAMINS_NUCLEOSIDES_AND_RELATED_MOLECULES"	0.282331511839709	0.759439429595027	0.106729884364606	0.69279508723452	1.19321343612415	4	"Slco2b1, Slc16a2"
"REACTOME_TRANSPORT_TO_THE_GOLGI_AND_SUBSEQUENT_MODIFICATION"	0.824427480916031	1	0.065981614400873	-0.288359393175438	-0.715949933352199	14	"B4galt6, Cd55, Ank3"
"REACTOME_TRNA_PROCESSING"	0.106132075471698	0.505435109906655	0.211400189384923	-0.73351674558417	-1.40144237133037	5	"Wdr4, Qtrt2, Xpot, Nup107"
"REACTOME_TRNA_PROCESSING_IN_THE_NUCLEUS"	0.46969696969697	0.866021848329169	0.086794975677172	-0.626880641925777	-1.04443110201293	3	"Xpot, Nup107, Nup43"
"REACTOME_UB_SPECIFIC_PROCESSING_PROTEASES"	5.77451340385844e-05	0.000888026520755528	0.557332238758646	-0.797958140016676	-2.01679528435196	16	"H2bc15, H2ac15, H2bc7, H2ac7, H2bc8, H2ac8, Usp13, H2ac4"
"REACTOME_UCH_PROTEINASES"	0.00524516264088437	0.0387597083462754	0.407017918923954	-0.821399884875999	-1.7467274916591	7	"H2ac15, H2ac7, H2ac8, H2ac4"
"REACTOME_UNFOLDED_PROTEIN_RESPONSE_UPR"	0.311594202898551	0.799398825422497	0.118815039412263	-0.500178117954894	-1.14436090960089	9	"Fkbp14, Hyou1, Herpud1, Dnajb9, Syvn1, Hspa5, Preb"
"REACTOME_UPTAKE_AND_ACTIONS_OF_BACTERIAL_TOXINS"	0.41991341991342	0.866021848329169	0.0931454575337804	-0.659979939819458	-1.09957706419921	3	"Antxr1, Hsp90aa1, Sv2c"
"REACTOME_VASOPRESSIN_REGULATES_RENAL_WATER_HOMEOSTASIS_VIA_AQUAPORINS"	0.607407407407407	0.948333333333333	0.0653834195468773	0.577556246419177	0.928732249943434	3	"Gng7, Gng12"
"REACTOME_VEGFR2_MEDIATED_VASCULAR_PERMEABILITY"	0.752759381898455	1	0.0635007968065945	-0.396123469209211	-0.726208196625833	4	"Vav2"
"REACTOME_VESICLE_MEDIATED_TRANSPORT"	0.95046439628483	1	0.0362254755857254	0.221879826096634	0.639270983634676	36	"Sgip1, Tuba4a, Bicd1, Tubb3, Kif21a, Agtr1a, Gja1, Egfr"
"REACTOME_VISUAL_PHOTOTRANSDUCTION"	0.711340206185567	1	0.0543434390269162	0.377621575177439	0.81190367480085	10	"Grk1, Cyp4v3, Rdh10, Lrp1"
