Sending cluster,Ligand symbol,Receptor symbol,Target cluster,Delta ligand detection rate,Delta ligand average expression value,Delta ligand derived specificity of average expression value,Delta receptor detection rate,Delta receptor average expression value,Delta receptor derived specificity of average expression value,Edge delta average expression weight,Edge delta average expression derived specificity
sCs,Cdh1,Egfr,FAPs,-0.3333333333333333,0.0939926666666667,0.6212464423933599,0.0,4.7639389999999935,0.1025589956384891,9.29323039320723,0.5224788547415719
sCs,Ntrk3,Ptprs,FAPs,0.0,0.7879356666666667,0.6593951874721085,0.0,-10.553094000000002,0.0465658858180789,36.69610734752421,0.4354290537182964
sCs,Ntrk3,Ptprf,FAPs,0.0,0.7879356666666667,0.6593951874721085,0.0,-2.155550999999999,-0.0229745653690967,2.786267682700555,0.3542865247724669
sCs,Il17b,Il17rb,FAPs,0.3333333333333333,0.0051583333333334,0.7628009001121462,0.0,0.5626116666666658,0.0870982897114706,0.0584767589722221,0.3468640172071953
sCs,Slitrk1,Ptprs,FAPs,-0.3333333333333333,0.2729973333333333,0.4856192225365323,0.0,-10.553094000000002,0.0465658858180789,12.115157258305109,0.3177250163455695
sCs,Fgf1,Fgfr2,FAPs,0.0,3.7444166666666665,0.2532571084885514,0.0,1.8033856666666672,0.2391601287992316,20.570680869207223,0.3156255310732123
sCs,Inha,Tgfbr3,FAPs,0.3333333333333333,0.3432870000000001,0.4559550099606079,0.0,5.298618000000005,0.0471448273526053,21.809890846406,0.2885869814869909
sCs,Cntf,Cntfr,FAPs,0.33333333333333337,0.5301223333333333,0.3286990682758641,0.0,2.8342973333333337,-0.0526382047480866,6.989055909305111,0.2863351326238384
sCs,Cdh1,Igf1r,FAPs,-0.3333333333333333,0.0939926666666667,0.6212464423933599,0.0,2.834727000000001,0.1359716035447917,1.6867436308465558,0.2263995197552512
sCs,Inha,Acvr2a,FAPs,0.3333333333333333,0.3432870000000001,0.4559550099606079,0.0,-1.4318706666666683,0.0284594783037728,9.37955503225822,0.2217559214629413
sCs,Fgf1,Fgfr1,FAPs,0.0,3.7444166666666665,0.2532571084885514,0.0,4.506200333333339,0.1278495416871489,338.3722960354939,0.2205704749338619
sCs,Cdh1,Itgb7,FAPs,-0.3333333333333333,0.0939926666666667,0.6212464423933599,0.0,0.5413220000000001,0.214021701982456,0.2786303768113334,0.2102256631951154
sCs,Cntf,Il6st,FAPs,0.33333333333333337,0.5301223333333333,0.3286990682758641,0.0,10.890203000000014,0.0705108711517845,62.42716549070977,0.2069516070773641
sCs,Wnt7b,Fzd5,FAPs,0.3333333333333333,0.19863,0.0,0.0,2.725839333333333,0.1998428055909959,2.504924216910445,0.1998428055909959
sCs,Wnt10a,Fzd5,FAPs,0.3333333333333333,0.0767306666666666,0.0,0.0,2.725839333333333,0.1998428055909959,0.9030181349533332,0.1998428055909959
sCs,Wnt6,Fzd7,FAPs,-0.3333333333333333,0.4211086666666667,0.3009266566258551,0.0,3.4250416666666696,0.097679946069596,5.03534691051622,0.1962187551944064
sCs,Calca,Ramp1,FAPs,0.3333333333333333,0.2964163333333333,0.0,0.33333333333333337,1.629865,0.1761405020502391,0.9452386970518888,0.1761405020502391
sCs,Cntf,Lifr,FAPs,0.33333333333333337,0.5301223333333333,0.3286990682758641,0.0,4.059131999999984,0.0402634495379726,34.19664438127543,0.1754049841777572
sCs,Gdnf,Ret,FAPs,0.33333333333333337,0.4926410000000003,-0.0618833808197631,0.0,-2.2673929999999998,0.2136314996224599,1.053287190950333,0.1616485794457649
sCs,Oxt,Oxtr,FAPs,0.0,0.0871323333333332,0.0978274830942716,0.0,0.0167473333333333,0.4064696127028339,0.008627471399,0.1564037471737869
sCs,Thpo,Mpl,FAPs,0.0,-0.4578276666666667,-0.2138506305914215,0.0,0.2621696666666667,0.8838573637088841,0.0201388622764444,0.148344287408207
sCs,Inhba,Tgfbr3,FAPs,-0.33333333333333337,0.6993313333333334,0.2222742969965781,0.0,5.298618000000005,0.0471448273526053,46.7716896531531,0.1419876470641242
sCs,Slit2,Robo1,FAPs,0.0,0.4836346666666663,0.1142176972188499,0.0,2.7705126666666686,0.2383878500601361,13.97055752406689,0.1292169237655953
sCs,Vtn,Itgb8,FAPs,0.0,21.059356333333326,0.0984900854311472,0.0,-0.1924913333333329,0.1507865686152047,74.7350316430953,0.1240385926072245
sCs,Inhba,Acvr1b,FAPs,-0.33333333333333337,0.6993313333333334,0.2222742969965781,0.0,2.1369510000000007,0.1694103092367679,5.970854563045666,0.123796543314709
sCs,Tnfsf13,Tnfrsf11b,FAPs,0.0,0.7504423333333333,0.1523083318744598,0.0,-1.561617333333333,-0.14651027502245,1.3114324694382216,0.1225773367519322
sCs,Tnfsf13,Sdc2,FAPs,0.0,0.7504423333333333,0.1523083318744598,0.0,3.20153599999999,0.0725438321500909,67.52916820190666,0.1221121493550317
sCs,Inhba,Acvr1,FAPs,-0.33333333333333337,0.6993313333333334,0.2222742969965781,0.0,1.1944423333333276,0.0455673980016342,16.089438180958567,0.1184360968409068
sCs,Efnb3,Ephb6,FAPs,0.3333333333333333,0.4855016666666666,0.0138893073233071,0.33333333333333337,0.8216119999999996,0.2718205506769474,0.8936260178525561,0.1146703260415326
sCs,Fgf13,Scn8a,FAPs,0.0,-0.0901883333333328,-0.0874414990305464,0.0,0.202226,0.2069184866552111,0.3060059039911111,0.1109820173714927
sCs,Fgf1,Cd44,FAPs,0.0,3.7444166666666665,0.2532571084885514,0.0,-31.588091333333352,0.1070718099157339,231.28201223825775,0.1107020763909016
sCs,Inhba,Acvr2a,FAPs,-0.33333333333333337,0.6993313333333334,0.2222742969965781,0.0,-1.4318706666666683,0.0284594783037728,18.474947618184444,0.1088912790360817
sCs,Cdh1,Ptprm,FAPs,-0.3333333333333333,0.0939926666666667,0.6212464423933599,0.0,-0.2253173333333293,-0.0441757593125547,1.770414173039335,0.1061665831175028
sCs,Saa1,Fpr2,FAPs,0.3333333333333333,0.009135,0.1547146017887561,0.0,0.6931883333333334,0.3526576855172676,0.0167289156938888,0.1018641156047367
sCs,Lgi3,Adam23,FAPs,0.3333333333333333,-0.0088893333333333,0.1118829090135281,0.0,5.584627333333339,0.0605189811241965,0.822202659852223,0.0972219137636179
sCs,Gdf7,Bmpr1a,FAPs,0.0,0.041095,0.0,0.0,1.840059999999994,0.0930285709255271,1.7612770055849998,0.0930285709255271
sCs,Uts2,Uts2r,FAPs,0.0,0.1411283333333333,0.0830772247905095,0.0,0.1125990000000001,0.0526273336749711,0.1507357753987776,0.0919248694034749
sCs,Calca,Calcrl,FAPs,0.3333333333333333,0.2964163333333333,0.0,0.0,12.413659999999997,0.0891695137825898,12.577702885514228,0.0891695137825898
sCs,Nppc,Npr2,FAPs,0.0,3.6939263333333336,0.1789834299044391,0.0,0.5471696666666688,0.0242240769784077,50.66333371729134,0.0858607860935481
sCs,Anxa1,Fpr2,FAPs,0.0,-31.97619333333337,-0.02727790484115,0.0,0.6931883333333334,0.3526576855172676,30.011421589525558,0.082142430732364
sCs,Ngf,Ngfr,FAPs,0.0,4.4447426666666665,-0.1351330942254065,0.0,0.0828603333333332,0.143731899587256,3.730966049360444,0.0814088701100371
sCs,Lama3,Sdc2,FAPs,0.0,0.6866193333333335,0.0943998682390573,0.0,3.20153599999999,0.0725438321500909,62.69101349429867,0.0809121366412224
sCs,Wnt5b,Fzd2,FAPs,0.3333333333333333,0.2366166666666666,0.116378296161982,0.0,-2.279567,-0.0330630532950987,2.845698973949556,0.0785039365548152
sCs,Efna5,Ephb6,FAPs,0.33333333333333337,0.1760923333333333,0.0285848734870011,0.33333333333333337,0.8216119999999996,0.2718205506769474,0.5104887649054445,0.0772122440127395
sCs,Fgf17,Fgfr2,FAPs,0.0,-0.1898296666666666,0.0189710807555011,0.0,1.8033856666666672,0.2391601287992316,0.0598704049638889,0.0771867979421571
sCs,Slit2,Sdc1,FAPs,0.0,0.4836346666666663,0.1142176972188499,0.0,2.5934149999999985,0.1154666545443702,8.193721468631225,0.0770563310306333
sCs,Ntn4,Unc5a,FAPs,0.0,0.1370193333333311,-0.1108524214690555,0.0,0.238051666666667,0.211243943267425,4.833556145530114,0.076795188893461
sCs,Il12a,Il12rb2,FAPs,0.0,-0.8618106666666667,0.2531456614815938,0.33333333333333337,0.2801146666666666,0.0449151275915881,0.1356077839582221,0.0756335238599017
sCs,Reln,Lrp8,FAPs,0.0,0.0063176666666677,-0.2435210247174287,0.0,0.2123836666666667,0.1404161410795708,0.6792796455468888,0.0755291726243954
sCs,Wnt5b,Fzd8,FAPs,0.3333333333333333,0.2366166666666666,0.116378296161982,0.0,0.1199276666666708,-0.0051500704144272,2.7682666256257797,0.0742459616258759
sCs,Thbs1,Itga2b,FAPs,0.0,5.156776333333333,0.0998692897618975,0.0,0.1464040000000008,0.105868168108031,25.043540787402407,0.0740490246951755
sCs,Slit2,App,FAPs,0.0,0.4836346666666663,0.1142176972188499,0.0,31.288737,0.1009303247620218,126.585331059271,0.0732043879573486
sCs,Il23a,Il12rb1,FAPs,0.0,-0.1492693333333334,0.1085729690688289,0.0,0.4645600000000001,0.2856891166706419,0.1210321753333329,0.0730796026567396
sCs,Jag1,Notch2,FAPs,0.0,4.644397333333341,0.0152542385687531,0.0,4.49053266666667,0.167207354202145,225.52920541874036,0.0698691556245834
sCs,Thbs1,Lrp1,FAPs,0.0,5.156776333333333,0.0998692897618975,0.0,62.08800733333328,0.1021560537671428,3730.47988239538,0.069129195460424
sCs,Col2a1,Itga10,FAPs,0.0,0.0871920000000001,0.143042455225939,0.0,-0.5213743333333332,-0.0849693010855401,0.1723321264227777,0.0688367621642324
sCs,Oxt,Avpr1a,FAPs,0.0,0.0871323333333332,0.0978274830942716,0.0,3.448056,-0.0003170562670997,1.5507195267236669,0.0654433400592342
sCs,Tnfsf13,Tnfrsf1a,FAPs,0.0,0.7504423333333333,0.1523083318744598,0.0,4.032361999999999,0.1322443649251167,36.739593517235,0.0637300206841954
sCs,Thbs1,Sdc1,FAPs,0.0,5.156776333333333,0.0998692897618975,0.0,2.5934149999999985,0.1154666545443702,171.27143876778177,0.0609804308099588
sCs,Lgi1,Adam23,FAPs,0.0,0.0132616666666667,0.0,0.0,5.584627333333339,0.0605189811241965,0.5519678820954443,0.0605189811241965
sCs,Lgi3,Stx1a,FAPs,0.3333333333333333,-0.0088893333333333,0.1118829090135281,0.0,1.6075576666666669,0.0028583476853524,0.2498908549907779,0.0604544072131379
sCs,Gnai2,Cnr1,FAPs,0.0,-23.022447,-0.0417055704152588,0.33333333333333337,1.6136923333333328,0.6447842750669475,42.92602622101936,0.0602508912502632
sCs,L1cam,Egfr,FAPs,0.0,0.3221099999999999,0.056378990846062,0.0,4.7639389999999935,0.1025589956384891,45.21903720009573,0.0590449312971677
sCs,Wnt7b,Fzd1,FAPs,0.3333333333333333,0.19863,0.0,0.0,7.418822666666671,0.0587445437136924,7.07080250490156,0.0587445437136924
sCs,Wnt10a,Fzd1,FAPs,0.3333333333333333,0.0767306666666666,0.0,0.0,7.418822666666671,0.0587445437136924,2.555538509064,0.0587445437136924
sCs,Fgf1,Nrp1,FAPs,0.0,3.7444166666666665,0.2532571084885514,0.0,6.923894333333315,-0.0108400112645613,241.7390508382983,0.0559838090300306
sCs,Gdf11,Acvr1b,FAPs,0.0,-0.5932016666666668,-0.0172721255784351,0.0,2.1369510000000007,0.1694103092367679,3.790095262361668,0.0544074458941604
sCs,Slit2,Gpc1,FAPs,0.0,0.4836346666666663,0.1142176972188499,0.0,2.4387120000000007,0.159810150640287,6.293910714597337,0.0540420193762168
sCs,Chad,Itgb1,FAPs,0.0,1.6777996666666664,0.1526954558986812,0.0,5.793466999999993,0.003143800849842,284.91724511118514,0.0534242836571636
sCs,Vtn,Itgb6,FAPs,0.0,21.059356333333326,0.0984900854311472,0.0,0.0679689999999988,0.0400704524048849,50.48920742681122,0.0533516357140861
sCs,Sema3d,Nrp1,FAPs,0.0,0.5936420000000003,0.2382709788819809,0.0,6.923894333333315,-0.0108400112645613,41.34807803545421,0.0529509833823691
sCs,Jag1,Cd46,FAPs,0.0,4.644397333333341,0.0152542385687531,0.0,0.943461333333333,0.121068254206808,36.47295639276712,0.051828480605271
sCs,Vtn,Itgav,FAPs,0.0,21.059356333333326,0.0984900854311472,0.0,4.11897033333333,0.0318711426356626,1262.957105248322,0.0516867005931062
sCs,Col2a1,Itgb1,FAPs,0.0,0.0871920000000001,0.143042455225939,0.0,5.793466999999993,0.003143800849842,15.044536304678337,0.0500837599759644
sCs,Slit3,Robo1,FAPs,0.0,5.622720000000003,0.0323268700083652,0.0,2.7705126666666686,0.2383878500601361,153.66737529987645,0.0474435028225844
sCs,Il1rapl1,Ptprs,FAPs,0.0,0.104841,0.0,0.0,-10.553094000000002,0.0465658858180789,4.684543980671998,0.0465658858180789
sCs,Cntf,Il6ra,FAPs,0.33333333333333337,0.5301223333333333,0.3286990682758641,0.0,0.4383969999999999,0.0573253156592053,1.403338794908889,0.0460542021779612
sCs,Lgi3,Flot1,FAPs,0.3333333333333333,-0.0088893333333333,0.1118829090135281,0.0,1.31074733333333,0.0881978309478983,0.1030144233579997,0.0447488372488582
sCs,Chad,Itga2,FAPs,0.0,1.6777996666666664,0.1526954558986812,0.0,-0.5501296666666671,-0.0282833823107717,1.6463285043855556,0.0444666401436354
sCs,Tnfsf13,Tnfrsf14,FAPs,0.0,0.7504423333333333,0.1523083318744598,0.0,3.3319026666666662,0.1466902697966625,5.624551520829112,0.0436427668617156
sCs,Fgf1,Cspg4,FAPs,0.0,3.7444166666666665,0.2532571084885514,0.0,-1.7333599999999991,-0.1130413261058636,33.90406337226666,0.0431412895872819
sCs,Thbs1,Cd47,FAPs,0.0,5.156776333333333,0.0998692897618975,0.0,19.669168999999982,0.0911789019093868,1220.004776923698,0.0422232527320041
sCs,Col2a1,Itga2,FAPs,0.0,0.0871920000000001,0.143042455225939,0.0,-0.5501296666666671,-0.0282833823107717,0.0629625782012223,0.0413243469895073
sCs,Tnfsf13,Fas,FAPs,0.0,0.7504423333333333,0.1523083318744598,0.0,-0.4314103333333356,0.0136122006559094,6.3733463083306665,0.0401800582541768
sCs,Rarres2,Cmklr1,FAPs,0.0,6.044612666666669,0.0534385254017882,0.0,7.76685066666667,0.0954687159876248,266.8103723001094,0.0400931163268604
sCs,Icosl,Icos,FAPs,0.0,0.7567503333333336,0.0834136234628337,0.3333333333333333,0.1741599999999999,0.1250426868548402,0.3387940390444445,0.0389308969533199
sCs,Ntn1,Unc5a,FAPs,0.0,-0.5150140000000007,-0.0484343342746895,0.0,0.238051666666667,0.211243943267425,0.1348274519562213,0.038835220281389
sCs,Vegfa,Gpc1,FAPs,0.0,0.8651800000000023,0.083718706289185,0.0,2.4387120000000007,0.159810150640287,22.65265995914001,0.0383053969161896
sCs,Col2a1,Ddr1,FAPs,0.0,0.0871920000000001,0.143042455225939,0.0,0.4483356666666669,0.117721703975977,0.2291798681661112,0.0373982979625102
sCs,Icos,Icosl,FAPs,0.3333333333333333,0.1196140000000001,0.1163518563422267,0.0,0.5227056666666661,0.1096034235905448,0.3167147798447778,0.0366917330566231
sCs,Inhba,Bambi,FAPs,-0.33333333333333337,0.6993313333333334,0.2222742969965781,0.0,-0.0952073333333334,0.0016290452918606,0.5760965246497778,0.036314199281179
sCs,Gal,Galr2,FAPs,0.0,3.958844666666661,-0.1685857954050575,0.0,0.2951436666666669,0.1548708097748821,12.831825971284452,0.0358761609114575
sCs,Il16,Grin2d,FAPs,0.0,0.7373033333333334,0.0435176512051287,0.0,-1.1902669999999995,-0.011417291772618,1.1595549121119997,0.0354450394000378
sCs,Efna5,Epha3,FAPs,0.33333333333333337,0.1760923333333333,0.0285848734870011,0.0,-6.123594333333344,0.0301236838685173,4.941201179317222,0.035293857252406
sCs,Efnb3,Ephb3,FAPs,0.3333333333333333,0.4855016666666666,0.0138893073233071,0.0,0.9300446666666672,0.0577088282926315,9.106894820756892,0.0351726050147573
sCs,Thbs1,Itgb1,FAPs,0.0,5.156776333333333,0.0998692897618975,0.0,5.793466999999993,0.003143800849842,1101.4472231053587,0.0350355912630367
sCs,F8,Lrp1,FAPs,0.0,-0.0605109999999998,0.0315936007224345,0.0,62.08800733333328,0.1021560537671428,19.101329007804026,0.0344772685993012
sCs,Il16,Kcnj15,FAPs,0.0,0.7373033333333334,0.0435176512051287,0.0,3.897435999999999,0.071631933071237,6.245888093637333,0.0338800260400391
sCs,Inhba,Eng,FAPs,-0.33333333333333337,0.6993313333333334,0.2222742969965781,0.0,3.969927666666664,-0.0393335841655926,34.6882564888119,0.0328910808988931
sCs,Gdnf,Gfra1,FAPs,0.33333333333333337,0.4926410000000003,-0.0618833808197631,0.0,4.395491000000002,0.0834161380480005,12.83778217468433,0.0290505472524386
sCs,Gdf7,Acvr2a,FAPs,0.0,0.041095,0.0,0.0,-1.4318706666666683,0.0284594783037728,1.084410117196,0.0284594783037728
sCs,Lamb2,Rpsa,FAPs,0.0,4.90867699999999,0.0034827757015477,0.0,46.84208666666669,0.105356031926567,1929.2718946935229,0.0281998509854297
sCs,Efna5,Epha4,FAPs,0.33333333333333337,0.1760923333333333,0.0285848734870011,0.0,4.130525999999998,0.0409174599662987,3.705908795893445,0.026690650046634
sCs,Lgi2,Adam23,FAPs,-0.33333333333333337,0.3039426666666667,0.0291392955795804,0.0,5.584627333333339,0.0605189811241965,8.022891316778669,0.0256297212982969
sCs,Ntng2,Lrrc4,FAPs,0.0,1.3889663333333329,0.0414330726714975,0.0,-0.0277343333333326,0.1145790656139618,4.539411883223004,0.0254026781482291
sCs,Efna5,Ephb2,FAPs,0.33333333333333337,0.1760923333333333,0.0285848734870011,0.0,-1.9232726666666664,-0.0039267128546991,0.5581225486521122,0.0253470539470666
sCs,Efnb3,Epha4,FAPs,0.3333333333333333,0.4855016666666666,0.0138893073233071,0.0,4.130525999999998,0.0409174599662987,7.634281736409891,0.0245828574904586
sCs,L1cam,Itgav,FAPs,0.0,0.3221099999999999,0.056378990846062,0.0,4.11897033333333,0.0318711426356626,30.8436035181048,0.0244455706201924
sCs,Il15,Il2rb,FAPs,0.0,0.5173826666666664,0.0283751051742904,0.0,0.2339043333333333,0.1693456284711588,0.6499142098832222,0.0243617867768932
sCs,Fgf18,Fgfr2,FAPs,0.33333333333333337,-0.1940736666666667,0.0050932475559295,0.0,1.8033856666666672,0.2391601287992316,0.8174938913396668,0.0243344744699813
sCs,L1cam,Cd9,FAPs,0.0,0.3221099999999999,0.056378990846062,0.0,-3.3262619999999856,0.0389927901826857,11.759871180868087,0.0238391310639111
sCs,Gdf7,Bmpr2,FAPs,0.0,0.041095,0.0,0.0,3.13319933333333,0.0225743090565149,2.0338911276826668,0.0225743090565149
sCs,Vtn,Itga5,FAPs,0.0,21.059356333333326,0.0984900854311472,0.0,-10.532513666666674,-0.0252355681631195,346.71372109504114,0.0217720267054631
sCs,Amelx,Lamp2,FAPs,-0.6666666666666667,0.0884456666666667,-0.098750202007592,0.0,38.5602163333333,0.1371710514986079,48.29831122575232,0.0216054613223881
sCs,Efna5,Epha1,FAPs,0.33333333333333337,0.1760923333333333,0.0285848734870011,0.0,-1.4810073333333325,0.0498372037954599,0.2556531181263337,0.021532458624479
sCs,Alcam,Chl1,FAPs,0.0,-0.1722226666666666,0.0331727782361195,0.0,2.5474993333333336,0.0510049858754202,1.603351327855778,0.0212874134426229
sCs,App,Fpr2,FAPs,0.0,-25.825477,-0.0549920604889578,0.0,0.6931883333333334,0.3526576855172676,2.717785381346001,0.0205608114073548
sCs,Fcer2a,Cr2,FAPs,-0.33333333333333337,-0.0193626666666666,-0.0305644394976439,0.6666666666666667,0.5264216666666667,0.2568511477066745,0.0586109384219999,0.0202815284467457
sCs,Cp,Slc40a1,FAPs,0.0,5.58581833333333,-0.1068273319965782,0.0,2.0675179999999944,0.1452998734267226,99.88723591141482,0.0197194850737079
sCs,Efnb1,Ephb6,FAPs,0.0,-0.1900223333333328,-0.0599268917362917,0.33333333333333337,0.8216119999999996,0.2718205506769474,1.780613669963222,0.0196650208333167
sCs,Efemp1,Egfr,FAPs,0.0,1.6950389999999995,0.0222042756516546,0.0,4.7639389999999935,0.1025589956384891,158.9695234782027,0.0194152131626482
sCs,Inhba,Acvr2b,FAPs,-0.33333333333333337,0.6993313333333334,0.2222742969965781,0.0,-0.1693026666666665,-0.0407607828426929,0.1473525539231112,0.0193812219243919
sCs,Pomc,Mc2r,FAPs,0.0,-0.015362,0.0191424947609542,0.0,0.1195376666666667,0.0,0.0052346974193333,0.0191424947609542
sCs,Ngf,Sort1,FAPs,0.0,4.4447426666666665,-0.1351330942254065,0.0,0.8359536666666669,0.0469411219237679,13.719421448064445,0.0191019808083128
sCs,Vegfa,Nrp1,FAPs,0.0,0.8651800000000023,0.083718706289185,0.0,6.923894333333315,-0.0108400112645613,92.44158982928832,0.0186038000587799
sCs,Gas6,Tyro3,FAPs,0.0,4.761719333333332,0.02274108691336,0.0,-1.6801263333333338,0.0105889289190446,6.285379292100888,0.0185065048748365
sCs,Lrpap1,Lrp8,FAPs,0.0,-0.6190759999999997,-0.0129639136529136,0.0,0.2123836666666667,0.1404161410795708,1.0516749835323336,0.0184751532321921
sCs,Il15,Il15ra,FAPs,0.0,0.5173826666666664,0.0283751051742904,0.0,6.228766999999997,0.1214381272472007,11.32226881236056,0.017255481869113
sCs,Spp1,Itgav,FAPs,0.0,-6.005202333333301,0.0395568108518071,0.0,4.11897033333333,0.0318711426356626,128.68980507452125,0.0172188698692936
sCs,Tgm2,Itgb1,FAPs,0.0,4.595965,0.0488173553467766,0.0,5.793466999999993,0.003143800849842,801.5304334995993,0.0171441855294675
sCs,Col2a1,Tnfrsf10b,FAPs,0.0,0.0871920000000001,0.143042455225939,0.0,0.408428666666667,-0.0893323707973597,0.3249229274824445,0.0168618041524211
sCs,Thbs1,Sdc4,FAPs,0.0,5.156776333333333,0.0998692897618975,0.0,-0.6704246666666691,-0.0144904722203125,26.817468078282104,0.0166272230093866
sCs,Tgm2,Itgb3,FAPs,0.0,4.595965,0.0488173553467766,0.0,-2.911823666666667,-0.1969285957820286,6.982689869981769,0.0164188017232803
sCs,Pf4,Fgfr2,FAPs,0.3333333333333333,2.661929333333334,0.0168739692364969,0.0,1.8033856666666672,0.2391601287992316,11.08630649758589,0.0162167085821537
sCs,Spp1,Itgb5,FAPs,0.0,-6.005202333333301,0.0395568108518071,0.0,8.355725666666658,-0.0116391675805497,650.2268501291355,0.0148171465201775
sCs,Ntf3,Ngfr,FAPs,-0.33333333333333337,0.6584716666666668,-0.0900201018287302,0.0,0.0828603333333332,0.143731899587256,0.7288503410768892,0.0147261340281888
sCs,Tnfrsf14,Cd160,FAPs,0.0,0.1741370000000008,0.0123116749851186,0.0,0.758342000000001,0.2300086551381936,1.238673987196334,0.0138606566983177
sCs,F13a1,Itgb1,FAPs,0.3333333333333333,1.8991416666666676,0.0384692198877262,0.0,5.793466999999993,0.003143800849842,320.6897787826855,0.0134174645425879
sCs,Vegfa,Nrp2,FAPs,0.0,0.8651800000000023,0.083718706289185,0.0,2.070911333333332,0.0214905029023203,19.74652502864334,0.01340109596468
sCs,Pf4,Sdc2,FAPs,0.3333333333333333,2.661929333333334,0.0168739692364969,0.0,3.20153599999999,0.0725438321500909,237.09797347177604,0.0132686942883441
sCs,Rarres2,Gpr1,FAPs,0.0,6.044612666666669,0.0534385254017882,0.0,-0.2403316666666657,-0.039593358577412,10.088923162524448,0.0132573902292906
sCs,Pdgfd,Pdgfrb,FAPs,0.0,1.0805456666666675,0.0257667712034725,0.0,30.009803999999995,-0.0209366366373869,104.75803183961015,0.0126324981560917
sCs,Shank1,Sstr2,FAPs,0.0,0.0346793333333332,-0.009419676479389,-0.33333333333333337,0.3215683333333337,0.1562684199634039,0.1079578887546665,0.0125804766192536
sCs,Gas6,Axl,FAPs,0.0,4.761719333333332,0.02274108691336,0.0,4.094525666666698,-0.0097518949182969,522.3373330261287,0.0117187647942446
sCs,Dcn,Egfr,FAPs,0.0,42.25570866666666,0.0131577576383485,0.0,4.7639389999999935,0.1025589956384891,3966.032420412005,0.0112017897121335
sCs,Efnb3,Ephb2,FAPs,0.3333333333333333,0.4855016666666666,0.0138893073233071,0.0,-1.9232726666666664,-0.0039267128546991,2.7416044676156663,0.0112015081400906
sCs,Fgf2,Fgfrl1,FAPs,0.0,0.0183236666666668,-0.0403783110817388,0.0,2.8516276666666664,0.2060088003699655,6.564227719946661,0.0111923717467834
sCs,Wnt7b,Lrp5,FAPs,0.3333333333333333,0.19863,0.0,0.0,0.7967516666666707,0.0111624759794703,2.7041744100805563,0.0111624759794703
sCs,Il33,Il1rl1,FAPs,0.6666666666666667,2.263254666666666,0.0228962185006128,0.0,-6.241325000000002,-0.1964399782333817,0.7845074230334435,0.0109890592774061
sCs,Fgf1,Fgfr3,FAPs,0.0,3.7444166666666665,0.2532571084885514,0.0,0.1125950000000001,-0.0412687468719208,2.8716200992305563,0.0104650848359588
sCs,Vtn,Tnfrsf11b,FAPs,0.0,21.059356333333326,0.0984900854311472,0.0,-1.561617333333333,-0.14651027502245,4.650545760544901,0.0103960034563377
sCs,Sema4a,Plxnb1,FAPs,0.0,-2.931442333333333,-0.0042312840054646,0.0,0.6004583333333336,0.0963284567259842,0.679903668993779,0.0103204780831046
sCs,Il16,Cd4,FAPs,0.0,0.7373033333333334,0.0435176512051287,0.0,2.6883023333333336,-0.1478417766817866,5.845957188701556,0.0101895139642659
sCs,Fgf2,Fgfr2,FAPs,0.0,0.0183236666666668,-0.0403783110817388,0.0,1.8033856666666672,0.2391601287992316,4.126935414019888,0.0099825827537113
sCs,Cxcl12,Itgav,FAPs,0.0,31.335024666666676,0.0172437910744707,0.0,4.11897033333333,0.0318711426356626,1813.916988534854,0.0096669875504302
sCs,Myoc,Fzd1,FAPs,-0.6666666666666667,0.7993173333333335,0.0092326221337644,0.0,7.418822666666671,0.0587445437136924,24.65761281742622,0.0095128401789569
sCs,Tnfsf12,Tnfrsf12a,FAPs,0.0,2.143284333333334,0.056345726536199,0.0,-5.777845000000001,-0.0445997623403,10.03385978892566,0.009345657970513
sCs,Mfge8,Itgav,FAPs,0.0,16.542253333333335,-0.0122982953299702,0.0,4.11897033333333,0.0318711426356626,1064.2402102183612,0.0093248128521281
sCs,Itgb2,Thy1,FAPs,-0.3333333333333333,0.7932976666666667,0.012079505746702,0.0,-15.116048333333325,-0.015662703723885,51.68131394450378,0.0087800656191419
sCs,Col4a3,Cd47,FAPs,0.0,0.138334,-0.0422311131939343,0.0,19.669168999999982,0.0911789019093868,17.610039914178657,0.0087774399436027
sCs,Thbs1,Ptprj,FAPs,0.0,5.156776333333333,0.0998692897618975,0.0,0.5076419999999997,0.0163717086929895,49.55085048678791,0.0087205043056306
sCs,Areg,Erbb3,FAPs,0.0,-0.0894373333333333,0.0546934822196902,0.6666666666666667,0.1211966666666667,0.0210490494478464,0.0232964196233333,0.0086073872650389
sCs,Ncam1,Ptprz1,FAPs,0.0,-36.469446,-0.0700700234386219,0.0,0.0306859999999999,0.0099469972516268,0.227558612292666,0.008184194175044
sCs,Ptn,Alk,FAPs,0.0,-2.6287493333333334,-0.004025455364546,0.0,0.0343176666666667,0.4249716830313232,0.032122184155,0.0081134851093301
sCs,Lrpap1,Sorl1,FAPs,0.0,-0.6190759999999997,-0.0129639136529136,0.0,0.7948123333333337,0.0572888274929911,4.794272247945001,0.0080600453034623
sCs,Tgm2,Sdc4,FAPs,0.0,4.595965,0.0488173553467766,0.0,-0.6704246666666691,-0.0144904722203125,44.74601049692544,0.0080430092863617
sCs,Lgals3,Lag3,FAPs,0.0,5.85571,0.036599404311209,0.0,1.14684466666667,-0.0544243632298962,77.1256907983031,0.0078319508753624
sCs,Grn,Tnfrsf1a,FAPs,0.0,4.365352666666661,0.0109966323681021,0.0,4.032361999999999,0.1322443649251167,268.1459458849947,0.0078218457616723
sCs,Wnt7b,Fzd4,FAPs,0.3333333333333333,0.19863,0.0,0.0,2.347152000000001,0.0076995109153578,5.221175605562004,0.0076995109153578
sCs,Lrpap1,Lrp1,FAPs,0.0,-0.6190759999999997,-0.0129639136529136,0.0,62.08800733333328,0.1021560537671428,274.47585216964603,0.0076422461689484
sCs,Myl9,Cd69,FAPs,0.0,43.367953666666686,0.0777786655585101,0.0,-0.0041396666666667,0.0091734206942326,4.116776281075113,0.0074885066626026
sCs,Myoc,Fzd7,FAPs,-0.6666666666666667,0.7993173333333335,0.0092326221337644,0.0,3.4250416666666696,0.097679946069596,11.399441382024106,0.0074154481690478
sCs,Cd274,Cd80,FAPs,0.0,0.5494249999999999,0.0251815775359946,0.0,-0.2683966666666668,0.1312747436167581,1.936413172317777,0.0073525198482629
sCs,Ltb,Ltbr,FAPs,0.0,0.0589793333333333,0.017477567492927,0.0,0.5983296666666611,0.0997775597048764,1.0522967193406665,0.0071802218152431
sCs,Fgf1,Fgfr4,FAPs,0.0,3.7444166666666665,0.2532571084885514,0.3333333333333333,0.2055366666666667,0.0119424893820556,1.6888541991055557,0.0071547849056928
sCs,Vtn,Itga8,FAPs,0.0,21.059356333333326,0.0984900854311472,0.0,0.6403746666666663,-0.0290599860687455,90.59319888801257,0.0071150286054769
sCs,Myoc,Fzd3,FAPs,-0.6666666666666667,0.7993173333333335,0.0092326221337644,0.0,0.1268836666666669,0.128406186751547,0.8959957298301106,0.0070828493075847
sCs,Mfng,Notch2,FAPs,0.0,0.2818476666666666,0.0152987139697594,0.0,4.49053266666667,0.167207354202145,9.614306311151775,0.0069902518979055
sCs,Ltb,Tnfrsf1a,FAPs,0.0,0.0589793333333333,0.017477567492927,0.0,4.032361999999999,0.1322443649251167,2.8708960560846672,0.0068305997642788
sCs,Lgi2,Adam11,FAPs,-0.33333333333333337,0.3039426666666667,0.0291392955795804,0.0,-0.2692479999999999,-0.0749854513955853,0.1245952946062223,0.0068112548005199
sCs,Jag1,Notch3,FAPs,0.0,4.644397333333341,0.0152542385687531,0.0,1.5522359999999995,0.014615302570673,57.20126060575416,0.0066616151345277
sCs,Sema4d,Plxnb1,FAPs,0.0,-0.832826666666667,0.0213488113949134,0.0,0.6004583333333336,0.0963284567259842,0.9107242482150012,0.0064366287380803
sCs,Il34,Ptprz1,FAPs,0.0,5.190182333333331,0.0439691594786163,0.0,0.0306859999999999,0.0099469972516268,0.5558322024964443,0.0063908851395778
sCs,Cxcl12,Itgb1,FAPs,0.0,31.335024666666676,0.0172437910744707,0.0,5.793466999999993,0.003143800849842,5429.334623000224,0.0063464722910945
sCs,Il34,Csf1r,FAPs,0.0,5.190182333333331,0.0439691594786163,0.0,2.075019333333333,0.0092685944397102,38.965454405504765,0.0062218490555635
sCs,L1cam,Erbb3,FAPs,0.0,0.3221099999999999,0.056378990846062,0.6666666666666667,0.1211966666666667,0.0210490494478464,0.4865284090022227,0.006091639942901
sCs,F13a1,Itga9,FAPs,0.3333333333333333,1.8991416666666676,0.0384692198877262,0.0,0.0773996666666669,-0.0837390999397288,5.990828343186778,0.0060674616013415
sCs,Fgf16,Fgfr4,FAPs,0.0,-0.8217010000000003,0.0797772874918932,0.3333333333333333,0.2055366666666667,0.0119424893820556,0.0798654492364445,0.0059745503561286
sCs,Rps19,C5ar1,FAPs,0.0,-89.96488466666669,-0.1630193612561014,0.33333333333333337,0.6555993333333331,0.0348681319161906,2.4523395650106607,0.005803024242974
sCs,Cxcl12,Ackr3,FAPs,0.0,31.335024666666676,0.0172437910744707,0.0,7.023437666666659,-0.0172468585132181,896.6740402494715,0.0056712383469728
sCs,Vtn,Plaur,FAPs,0.0,21.059356333333326,0.0984900854311472,0.0,-2.770817666666668,-0.0026129393016665,27.14930314927912,0.0056249773520153
sCs,Vwf,Itga2b,FAPs,0.0,0.1588869999999999,0.0066874582833113,0.0,0.1464040000000008,0.105868168108031,0.6415240169836669,0.0054981082497909
sCs,Jag1,Notch4,FAPs,0.0,4.644397333333341,0.0152542385687531,0.0,1.343825,0.0119940440525325,35.89053604701056,0.0054274439689928
sCs,Lrpap1,Sort1,FAPs,0.0,-0.6190759999999997,-0.0129639136529136,0.0,0.8359536666666669,0.0469411219237679,4.199925121811669,0.0053757818306374
sCs,Apod,Lepr,FAPs,0.0,13.264937666666668,0.0060365875300974,0.0,1.2571070000000002,0.0940543839163244,46.224682595527895,0.0052342923388687
sCs,Efnb2,Ephb6,FAPs,0.0,-4.10426733333333,-0.1062881588137763,0.33333333333333337,0.8216119999999996,0.2718205506769474,3.453382288506889,0.0050678449835804
sCs,Pdgfb,Art1,FAPs,0.0,-1.0069750000000006,-0.0523676911396968,-0.33333333333333337,0.2626309999999999,0.526121310356594,0.047381620898,0.0048629075714886
sCs,Psap,Lrp1,FAPs,0.0,8.03504199999999,0.0020950231389651,0.0,62.08800733333328,0.1021560537671428,6804.700253567051,0.004856123426627
sCs,Sirpa,Cd47,FAPs,0.0,1.9109333333333351,0.0093195459373596,0.0,19.669168999999982,0.0911789019093868,267.41458838049607,0.0048198758939817
sCs,Pf4,Ldlr,FAPs,0.3333333333333333,2.661929333333334,0.0168739692364969,0.0,0.117602333333334,0.0587796509063361,15.44252630007989,0.0047645839898944
sCs,Dcn,Tlr4,FAPs,0.0,42.25570866666666,0.0131577576383485,0.0,-3.7973403333333415,0.0034478094121351,664.8898386054565,0.0045718288540661
sCs,Tnf,Tnfrsf1a,FAPs,0.3333333333333333,0.4093346666666666,0.0115375821516015,0.0,4.032361999999999,0.1322443649251167,20.10912782444733,0.0045130303834323
sCs,Hbegf,Cd82,FAPs,0.0,-0.7223579999999998,-0.0745547679267855,0.0,2.0991736666666667,0.052918845093284,7.4126214340086705,0.0043717166953661
sCs,Agrn,Atp1a3,FAPs,0.0,-5.606928333333341,-0.0750535472406629,0.0,0.1844296666666665,0.0241598946725914,0.5538045110264451,0.0043088811525573
sCs,Pf4,Thbd,FAPs,0.3333333333333333,2.661929333333334,0.0168739692364969,0.0,5.338905666666669,0.042111329809289,47.34506359881611,0.0042400593817842
sCs,Il1b,Il1r1,FAPs,0.0,1.0305090000000006,0.0067301030866436,0.0,8.288860999999997,-0.0038819214745561,35.77927740324533,0.0040713428338137
sCs,Il10,Il10rb,FAPs,-0.33333333333333337,-0.0173053333333333,0.0356254611027705,0.0,1.558457666666662,0.0411858402404143,1.2583116166378885,0.0038914796760842
sCs,Apoe,Lrp1,FAPs,0.0,43.502036666666655,0.0045501848716827,0.0,62.08800733333328,0.1021560537671428,12047.7685233772,0.0038778548747617
sCs,Sfrp1,Fzd2,FAPs,0.0,0.7111770000000006,0.0052418399295314,0.0,-2.279567,-0.0330630532950987,8.241760619181335,0.0037276323830337
sCs,Wnt11,Fzd7,FAPs,0.33333333333333337,0.0849096666666667,-0.0114877822292698,0.0,3.4250416666666696,0.097679946069596,2.5920408684037777,0.0037092587661987
sCs,Fgf21,Fgfr4,FAPs,0.0,-0.1898503333333333,-0.6092647963490179,0.3333333333333333,0.2055366666666667,0.0119424893820556,0.0013765710628888,0.003560980801957
sCs,Gnai2,C5ar1,FAPs,0.0,-23.022447,-0.0417055704152588,0.33333333333333337,0.6555993333333331,0.0348681319161906,12.64163965063834,0.0035170374663375
sCs,Edn1,Ednra,FAPs,0.33333333333333337,0.3340786666666667,0.0079090929608761,0.0,5.684014999999995,-0.068390878260901,11.54050801912633,0.0034466476491823
sCs,Pf4,Procr,FAPs,0.3333333333333333,2.661929333333334,0.0168739692364969,0.0,0.4941836666666663,-0.0445318731091566,12.747697706337668,0.0033594393602618
sCs,Cxcl12,Itga5,FAPs,0.0,31.335024666666676,0.0172437910744707,0.0,-10.532513666666674,-0.0252355681631195,682.8281984913167,0.0033228609787643
sCs,Cd14,Itgb1,FAPs,0.6666666666666667,1.1269469999999997,0.0094668962105059,0.0,5.793466999999993,0.003143800849842,190.83710955154172,0.003303201258426
sCs,Myoc,Fzd4,FAPs,-0.6666666666666667,0.7993173333333335,0.0092326221337644,0.0,2.347152000000001,0.0076995109153578,19.80971638645866,0.0032618289205895
sCs,Vwf,Gp1ba,FAPs,0.0,0.1588869999999999,0.0066874582833113,0.0,-0.2094869999999993,0.0099299254737758,0.6701826137796669,0.0032314547516295
sCs,Fgf17,Fgfr4,FAPs,0.0,-0.1898296666666666,0.0189710807555011,0.3333333333333333,0.2055366666666667,0.0119424893820556,0.0400624456848889,0.0032096693476298
sCs,Grn,Tnfrsf1b,FAPs,0.0,4.365352666666661,0.0109966323681021,0.0,3.716370333333335,0.0670266160764145,102.7804348044266,0.003024927356762
sCs,Grn,Sort1,FAPs,0.0,4.365352666666661,0.0109966323681021,0.0,0.8359536666666669,0.0469411219237679,23.12417394240811,0.0028448448510264
sCs,Hgf,Sdc1,FAPs,0.0,0.0630876666666668,0.0016455694639635,0.0,2.5934149999999985,0.1154666545443702,2.457973794686892,0.0027069967129894
sCs,Apoe,Lrp8,FAPs,0.0,43.502036666666655,0.0045501848716827,0.0,0.2123836666666667,0.1404161410795708,33.28675726803089,0.0025325919528453
sCs,Sema3b,Nrp2,FAPs,0.0,-1.1202186666666654,-0.0194181407821359,0.0,2.070911333333332,0.0214905029023203,0.1131335920559912,0.0025278662069417
sCs,Apoe,Vldlr,FAPs,0.0,43.502036666666655,0.0045501848716827,0.0,-1.892298666666667,-0.0936578924015515,387.5930614698655,0.0025031480148896
sCs,Il1b,Il1rap,FAPs,0.0,1.0305090000000006,0.0067301030866436,0.0,1.8140363333333336,0.3027508123181284,5.70747844583389,0.0024961411447941
sCs,Hgf,Sdc2,FAPs,0.0,0.0630876666666668,0.0016455694639635,0.0,3.20153599999999,0.0725438321500909,7.625827157384009,0.0024384223375535
sCs,Adam11,Itga4,FAPs,0.0,-0.1927419999999999,-0.0228356281775211,0.6666666666666667,0.2425756666666667,0.0045911130156124,0.2748715015994445,0.002409659291525
sCs,Pltp,Abca1,FAPs,0.0,2.781458333333334,0.0116466267304422,0.0,5.860665666666669,-0.0158377321768869,122.93124726683672,0.0021365993273452
sCs,Thbs1,Itga3,FAPs,0.0,5.156776333333333,0.0998692897618975,0.0,-0.0719203333333331,-0.0536628271862522,2.236863867047454,0.0020947890765242
sCs,L1cam,Ptprz1,FAPs,0.0,0.3221099999999999,0.056378990846062,0.0,0.0306859999999999,0.0099469972516268,0.1159373599526667,0.0019458038617612
sCs,Apoe,Ldlr,FAPs,0.0,43.502036666666655,0.0045501848716827,0.0,0.117602333333334,0.0587796509063361,255.0647355871284,0.0018718642149173
sCs,Fgf2,Fgfr4,FAPs,0.0,0.0183236666666668,-0.0403783110817388,0.3333333333333333,0.2055366666666667,0.0119424893820556,0.4671493754582221,0.001870590170835
sCs,Col4a6,Cd93,FAPs,0.0,0.4147106666666667,0.2792798690251021,0.33333333333333337,0.5357536666666668,0.0020178177818532,0.5910654398622224,0.0018548777878391
sCs,Fgf2,Sdc1,FAPs,0.0,0.0183236666666668,-0.0403783110817388,0.0,2.5934149999999985,0.1154666545443702,6.06692409153489,0.0018291646562912
sCs,Il1b,Il1r2,FAPs,0.0,1.0305090000000006,0.0067301030866436,0.0,0.0153146666666665,0.2600466178585501,1.0176921598804445,0.0017758372691133
sCs,Fgf7,Fgfr2,FAPs,-0.3333333333333333,0.0303270000000001,-0.0061370233849975,0.0,1.8033856666666672,0.2391601287992316,0.779880435151111,0.0016760346279234
sCs,Csf1,Csf1r,FAPs,0.0,-1.9341299999999988,0.0619655265537445,0.0,2.075019333333333,0.0092685944397102,11.341843540639768,0.0016292949568704
sCs,Ifna11,Ifnar2,FAPs,0.0,0.0481426666666667,-0.0210364507102943,0.0,6.13745333333333,0.0750381453497761,1.5427857762551114,0.0016269090683985
sCs,Mmp12,Plaur,FAPs,0.0,0.562756,0.0224749830197051,0.0,-2.770817666666668,-0.0026129393016665,2.6575102904297783,0.0015730074280579
sCs,Clec11a,Itga11,FAPs,0.0,0.1162493333333332,0.0015830141709039,0.0,0.0854623333333322,-0.0004524020898215,3.6903528111289994,0.0015469393243958
sCs,Apoe,Lrp5,FAPs,0.0,43.502036666666655,0.0045501848716827,0.0,0.7967516666666707,0.0111624759794703,557.8898958870143,0.0015112655819556
sCs,Rarres2,Ccrl2,FAPs,0.0,6.044612666666669,0.0534385254017882,0.0,0.163545,0.0064792139886517,4.202080894373334,0.0014848621367653
sCs,Il15,Il2ra,FAPs,0.0,0.5173826666666664,0.0283751051742904,0.0,0.1013576666666667,0.0030545033309377,0.1637828105698888,0.0013592020549792
sCs,Tnf,Tnfrsf1b,FAPs,0.3333333333333333,0.4093346666666666,0.0115375821516015,0.0,3.716370333333335,0.0670266160764145,4.997506938256332,0.0013016746336312
sCs,Sfrp2,Fzd5,FAPs,0.0,0.1843519999999998,0.0001593127960616,0.0,2.725839333333333,0.1998428055909959,3.0387540885051103,0.0012697071160306
sCs,Mfng,Notch1,FAPs,0.0,0.2818476666666666,0.0152987139697594,0.0,-0.8381936666666672,-0.0101584057309606,2.422897221174888,0.0011889984393134
sCs,Fgf18,Fgfr4,FAPs,0.33333333333333337,-0.1940736666666667,0.0050932475559295,0.3333333333333333,0.2055366666666667,0.0119424893820556,0.127153929184,0.0010420695408405
sCs,Slit2,Robo4,FAPs,0.0,0.4836346666666663,0.1142176972188499,0.3333333333333333,0.166411,0.0035206882599127,0.2167453975516667,0.0010175643803083
sCs,Vcam1,Itga4,FAPs,0.0,-47.0439,-0.3399797044559617,0.6666666666666667,0.2425756666666667,0.0045911130156124,3.021919110162778,0.0008973702236288
sCs,Grem1,Kdr,FAPs,0.3333333333333333,0.0678036666666667,0.0,0.0,0.2468203333333333,0.0008759788603716,0.0495608612755556,0.0008759788603716
sCs,Anxa2,Robo4,FAPs,0.0,-42.74887966666668,-0.0277125744022511,0.3333333333333333,0.166411,0.0035206882599127,13.507513216825668,0.0008576318983126
sCs,Thbs1,Itga4,FAPs,0.0,5.156776333333333,0.0998692897618975,0.6666666666666667,0.2425756666666667,0.0045911130156124,11.31895973393733,0.0008535878515546
sCs,Apoe,Sorl1,FAPs,0.0,43.502036666666655,0.0045501848716827,0.0,0.7948123333333337,0.0572888274929911,64.24109808803067,0.0008499558291723
sCs,Icam1,Itgal,FAPs,0.0,-0.7981196666666659,0.004844578056068,0.33333333333333337,0.6164603333333334,0.0515418372242958,0.6050254059694451,0.0008245981362911
sCs,H2-K1,Aplp2,FAPs,0.0,2.82378666666666,0.0060850375849314,0.0,4.705231999999995,-0.001681627736252,222.435770910192,0.0008226624989227
sCs,Gas6,Mertk,FAPs,0.0,4.761719333333332,0.02274108691336,0.0,1.1066743333333329,-0.0171496133665263,21.580445875905777,0.0007999220045753
sCs,Hgf,St14,FAPs,0.0,0.0630876666666668,0.0016455694639635,0.0,0.0551563333333333,0.0209659711890585,0.0775088883485558,0.0007958870595356
sCs,Col4a5,Cd93,FAPs,0.0,-0.1057346666666667,0.0161675297164187,0.33333333333333337,0.5357536666666668,0.0020178177818532,1.162888168862556,0.000749905708664
sCs,Adam23,Itga4,FAPs,0.0,-0.3543946666666677,-0.0662295729279507,0.6666666666666667,0.2425756666666667,0.0045911130156124,0.9895222145303332,0.0007141156952681
sCs,Fgf2,Sdc3,FAPs,0.0,0.0183236666666668,-0.0403783110817388,0.0,3.433873333333338,0.0385797581418831,8.108503503248564,0.0006242368975927
sCs,Spp1,Itga4,FAPs,0.0,-6.005202333333301,0.0395568108518071,0.6666666666666667,0.2425756666666667,0.0045911130156124,25.00958307350022,0.0006193373903073
sCs,Clec11a,Itgb1,FAPs,0.0,0.1162493333333332,0.0015830141709039,0.0,5.793466999999993,0.003143800849842,20.740580696707895,0.0005925107190322
sCs,Cxcl12,Itga4,FAPs,0.0,31.335024666666676,0.0172437910744707,0.6666666666666667,0.2425756666666667,0.0045911130156124,15.872488536160002,0.0005812609693965
sCs,Il15,Il2rg,FAPs,0.0,0.5173826666666664,0.0283751051742904,0.0,0.022953666666666,0.0033353172668584,0.6538839052503331,0.0005361607211888
sCs,Ace,Bdkrb2,FAPs,0.0,-1.8185903333333335,-0.0102941208397373,0.0,0.2482086666666665,0.2273484613422712,0.033978178738,0.0005234020023338
sCs,Dcn,Met,FAPs,0.0,42.25570866666666,0.0131577576383485,0.0,-0.474261666666667,0.0041388410055791,35.83813220029422,0.0004755584372393
sCs,Trf,Tfrc,FAPs,0.0,0.4256933333333336,-0.0024738937029885,0.0,1.087297333333333,0.0495780595729141,3.0962992025213336,0.0004568725494675
sCs,Slit3,Robo4,FAPs,0.0,5.622720000000003,0.0323268700083652,0.3333333333333333,0.166411,0.0035206882599127,1.9940742845586668,0.0004485570070338
sCs,Sema4b,Dcbld2,FAPs,0.0,0.0605756666666659,-0.0236718841580074,0.0,1.2796993333333333,0.0550974398353554,5.777716330979985,0.0004349714353288
sCs,Vegfa,Kdr,FAPs,0.0,0.8651800000000023,0.083718706289185,0.0,0.2468203333333333,0.0008759788603716,2.0517891127650003,0.0004251436242387
sCs,Mif,Cd74,FAPs,0.0,-2.3363086666666604,-0.0654006713246178,0.0,3.289831333333333,0.0014888982528671,112.2586873652447,0.0003981468797396
sCs,C3,Cr2,FAPs,0.0,0.166907,-0.0003107533017339,0.6666666666666667,0.5264216666666667,0.2568511477066745,0.3427453081571111,0.0003847699389026
sCs,Col4a3,Cd93,FAPs,0.0,0.138334,-0.0422311131939343,0.33333333333333337,0.5357536666666668,0.0020178177818532,0.2974782851324444,0.000351898724853
sCs,Lpl,Sdc1,FAPs,0.0,-1.281956000000001,-0.0102858475634773,0.0,2.5934149999999985,0.1154666545443702,24.64014195334872,0.0003517647398286
sCs,Timp3,Kdr,FAPs,0.0,36.355033666666685,0.0101653941471443,0.0,0.2468203333333333,0.0008759788603716,38.303141912618,0.0003207911482474
sCs,Dcn,Tlr2,FAPs,0.0,42.25570866666666,0.0131577576383485,-0.33333333333333337,-0.953260666666667,0.0032489810232643,45.81066153022354,0.0002945694926076
sCs,Lgals1,Ptprc,FAPs,0.0,-47.3905796666666,-0.0724327261942088,0.0,0.1385226666666666,0.0009803151500504,8.150968447229673,0.0002860496845672
sCs,Icam1,Il2ra,FAPs,0.0,-0.7981196666666659,0.004844578056068,0.0,0.1013576666666667,0.0030545033309377,0.1034566946587778,0.0002487306998064
sCs,Saa1,Cd36,FAPs,0.3333333333333333,0.009135,0.1547146017887561,0.0,0.064875666666667,-0.0004317486228981,0.0119976508241112,0.0002439832309604
sCs,Tnf,Tnfrsf21,FAPs,0.3333333333333333,0.4093346666666666,0.0115375821516015,0.33333333333333337,0.2138199999999999,-0.0018394228168863,0.6149557014906667,0.0002435241918389
sCs,Ptn,Ptprz1,FAPs,0.0,-2.6287493333333334,-0.004025455364546,0.0,0.0306859999999999,0.0099469972516268,0.0852586743108889,0.0002289942312741
sCs,F13a1,Itga4,FAPs,0.3333333333333333,1.8991416666666676,0.0384692198877262,0.6666666666666667,0.2425756666666667,0.0045911130156124,0.6115650610070001,0.0002147519543191
sCs,Adam15,Itgav,FAPs,0.0,0.217187,-0.0031222157757843,0.0,4.11897033333333,0.0318711426356626,25.15063667595629,0.0001825686161633
sCs,Thbs1,Cd36,FAPs,0.0,5.156776333333333,0.0998692897618975,0.0,0.064875666666667,-0.0004317486228981,9.082530646041882,0.000165569295058
sCs,Ifna11,Ifnar1,FAPs,0.0,0.0481426666666667,-0.0210364507102943,0.0,0.2625176666666711,0.0649235030727552,0.9884095285707778,0.000165037152241
sCs,Angpt2,Tie1,FAPs,0.0,1.2544226666666658,-0.12064965093894,0.0,0.0814736666666666,0.0011772820295687,0.4539901200404444,0.0001574673416614
sCs,C3,Cd46,FAPs,0.0,0.166907,-0.0003107533017339,0.0,0.943461333333333,0.121068254206808,1.056716253481889,0.00015554912574
sCs,Spon2,Itga4,FAPs,0.0,-0.5264919999999998,-0.0050121267908834,0.6666666666666667,0.2425756666666667,0.0045911130156124,0.0810472254396667,0.0001328679344138
sCs,Vegfa,Flt1,FAPs,0.0,0.8651800000000023,0.083718706289185,0.33333333333333337,0.1403956666666666,-0.0010535983065498,1.291072100128333,0.0001162636794333
sCs,Ccl2,Ccr2,FAPs,0.0,-1.8020403333333337,0.0231860279944267,0.6666666666666667,0.1058366666666667,0.002232899775963,0.3666821178183332,9.896373407522494e-05
sCs,Thbs2,Itga4,FAPs,0.0,-1.983633666666668,-0.0146692328809442,0.6666666666666667,0.2425756666666667,0.0045911130156124,0.9490781990029998,9.27483279495618e-05
sCs,Ccl11,Ccr2,FAPs,0.0,-0.5419343333333329,-0.0361184341113942,0.6666666666666667,0.1058366666666667,0.002232899775963,0.5724268490483334,9.055518981266186e-05
sCs,Cd14,Itga4,FAPs,0.6666666666666667,1.1269469999999997,0.0094668962105059,0.6666666666666667,0.2425756666666667,0.0045911130156124,0.3855289472192224,5.474003968160117e-05
sCs,Angpt1,Tie1,FAPs,0.0,-2.676388666666667,-0.1624128099033536,0.0,0.0814736666666666,0.0011772820295687,0.1006939934348889,4.085300455873684e-05
sCs,Fn1,Itga4,FAPs,0.0,-60.016624000000014,-0.0296317153259828,0.6666666666666667,0.2425756666666667,0.0045911130156124,1.544863068529554,3.970252229926075e-05
sCs,Mrc1,Ptprc,FAPs,0.0,3.0168736666666662,0.0225229102610682,0.0,0.1385226666666666,0.0009803151500504,1.0101299192785558,3.245006933313807e-05
sCs,C3,Lrp1,FAPs,0.0,0.166907,-0.0003107533017339,0.0,62.08800733333328,0.1021560537671428,62.12985555268288,2.8775318816999908e-05
sCs,Ptprc,Mrc1,FAPs,0.33333333333333337,3.955316666666667,0.0168271375502686,0.0,0.1411733333333334,0.0010720546781062,0.8568056182844446,2.7044489371827015e-05
sCs,C3,Itgb2,FAPs,0.0,0.166907,-0.0003107533017339,0.33333333333333337,0.0823963333333333,0.0047398219368239,0.1065770702955554,8.181890318712223e-06
sCs,Edn1,Ednrb,FAPs,0.33333333333333337,0.3340786666666667,0.0079090929608761,-0.3333333333333333,0.0161459999999999,-0.0008106254351274,0.0526512115966665,2.3479733017378604e-06
sCs,Col1a2,Cd93,FAPs,0.0,-126.26058433333333,-0.0285237009398309,0.33333333333333337,0.5357536666666668,0.0020178177818532,0.6101565804045066,1.4422183219997924e-07
sCs,Cxcl12,Cxcr4,FAPs,0.0,31.335024666666676,0.0172437910744707,-0.3333333333333333,-0.1455093333333333,-0.0001203020351782,1.567578941635558,-2.239215412902729e-06
sCs,Cd38,Pecam1,FAPs,0.6666666666666667,0.2150946666666666,0.0008571494068067,0.0,0.7374890000000001,-0.0058295435913809,1.533419136188,-2.16166548176e-05
sCs,Apoe,Scarb1,FAPs,0.0,43.502036666666655,0.0045501848716827,-0.33333333333333337,-0.8554319999999995,-0.0074390636484016,17.78408438658022,-3.70641365217e-05
sCs,Mmrn2,Cd93,FAPs,0.0,-0.6540189999999998,-0.0337035470363985,0.33333333333333337,0.5357536666666668,0.0020178177818532,0.1274623533273334,-4.118665162523249e-05
sCs,C3,Nrp1,FAPs,0.0,0.166907,-0.0003107533017339,0.0,6.923894333333315,-0.0108400112645613,12.30716549996788,-9.647288175220008e-05
sCs,F11r,Jam2,FAPs,0.0,0.3222840000000001,0.0051149529017426,0.0,-0.3306990000000001,-0.0184847492951246,1.5118957693530004,-0.0001028299969841
sCs,Sfrp1,Fzd6,FAPs,0.0,0.7111770000000006,0.0052418399295314,0.0,-0.916856666666668,-0.043344336454523,0.7163372186187771,-0.0001166554819376
sCs,Dll4,Notch2,FAPs,0.33333333333333337,-0.00824,-0.0053712843474133,0.0,4.49053266666667,0.167207354202145,1.1510459745171104,-0.0001235276197005
sCs,Dll4,Notch4,FAPs,0.33333333333333337,-0.00824,-0.0053712843474133,0.0,1.343825,0.0119940440525325,0.4005244162750001,-0.0001552081042218
sCs,Dll4,Notch3,FAPs,0.33333333333333337,-0.00824,-0.0053712843474133,0.0,1.5522359999999995,0.014615302570673,0.4347072551026669,-0.0002060374604813
sCs,Sema6d,Kdr,FAPs,0.0,-3.579868666666659,-0.1327073344165184,0.0,0.2468203333333333,0.0008759788603716,2.8474261312604447,-0.0002361887202442
sCs,Fgf2,Gpc4,FAPs,0.0,0.0183236666666668,-0.0403783110817388,0.0,7.467057666666662,0.1304926152039573,17.464810776020656,-0.0002439681198573
sCs,Clec11a,Itga10,FAPs,0.0,0.1162493333333332,0.0015830141709039,0.0,-0.5213743333333332,-0.0849693010855401,0.168355998903,-0.0002719136532714
sCs,Pecam1,Cd38,FAPs,0.0,-0.2921099999999992,-0.0061543449058802,0.0,1.3904213333333335,0.0019910211216696,3.6795581625251153,-0.0002993844804394
sCs,Fgf7,Fgfr1,FAPs,-0.3333333333333333,0.0303270000000001,-0.0061370233849975,0.0,4.506200333333339,0.1278495416871489,4.272977885271562,-0.0003603405513641
sCs,Adm,Calcrl,FAPs,-0.33333333333333337,0.064860666666666,-0.0115777506283485,0.0,12.413659999999997,0.0891695137825898,17.105830485100437,-0.0003996213284646
sCs,Psen1,Notch4,FAPs,0.0,-8.61026266666666,-0.0504098716756664,0.0,1.343825,0.0119940440525325,1.4952131178272303,-0.0005019482880128
sCs,Lgi2,Adam22,FAPs,-0.33333333333333337,0.3039426666666667,0.0291392955795804,0.0,-0.9985236666666668,-0.1880952176551862,0.7448999745579998,-0.0005366429321267
sCs,Adam15,Itgb1,FAPs,0.0,0.217187,-0.0031222157757843,0.0,5.793466999999993,0.003143800849842,55.32298216266338,-0.0009584489316152
sCs,Lpl,Lrp1,FAPs,0.0,-1.281956000000001,-0.0102858475634773,0.0,62.08800733333328,0.1021560537671428,681.8484171759583,-0.001252053879082
sCs,Pgf,Flt1,FAPs,0.0,0.0495620000000001,-0.3533323968136523,0.33333333333333337,0.1403956666666666,-0.0010535983065498,0.1850574320205554,-0.0013204694884613
sCs,Jag2,Notch4,FAPs,0.0,-0.5052353333333328,-0.0600995706606766,0.0,1.343825,0.0119940440525325,1.904560615146111,-0.0015853728345803
sCs,Fgf7,Nrp1,FAPs,-0.3333333333333333,0.0303270000000001,-0.0061370233849975,0.0,6.923894333333315,-0.0108400112645613,4.31249978423055,-0.0017792523273028
sCs,Comp,Cd47,FAPs,0.0,-0.1504026666666666,-0.0086884457800304,0.0,19.669168999999982,0.0911789019093868,1.7666619919507696,-0.001819552242305
sCs,Fgf7,Fgfr3,FAPs,-0.3333333333333333,0.0303270000000001,-0.0061370233849975,0.0,0.1125950000000001,-0.0412687468719208,0.0615479141483334,-0.0018625830357449
sCs,Ecm1,Itgb4,FAPs,0.0,-0.1638696666666668,-0.0039107742200992,0.0,0.6391443333333329,-0.0169202635718529,5.787986901784002,-0.001940632801341
sCs,Bsg,Slc16a7,FAPs,0.0,-16.496551666666676,-0.0679313537606045,0.0,0.2341673333333333,0.0035010922849507,0.2990846466098809,-0.0020403877985619
sCs,Sema3f,Nrp2,FAPs,0.0,0.5050206666666659,-0.0277022351994948,0.0,2.070911333333332,0.0214905029023203,7.58850218708622,-0.0020941977968019
sCs,Jag2,Notch3,FAPs,0.0,-0.5052353333333328,-0.0600995706606766,0.0,1.5522359999999995,0.014615302570673,0.4871839188931108,-0.0021210480259186
sCs,Lgals3bp,Itgb1,FAPs,0.0,-0.1871559999999998,-0.0072523909254997,0.0,5.793466999999993,0.003143800849842,49.75214210739978,-0.0024003182343495
sCs,Ptprm,Ptprm,FAPs,0.0,0.0931709999999998,-0.005811801347339,0.0,-0.2253173333333293,-0.0441757593125547,1.0902238459956948,-0.0025750070598434
sCs,Jag1,Notch1,FAPs,0.0,4.644397333333341,0.0152542385687531,0.0,-0.8381936666666672,-0.0101584057309606,27.4005485304061,-0.0026357963438677
sCs,Lgi4,Adam23,FAPs,0.0,1.4971133333333342,-0.0281326704712679,0.0,5.584627333333339,0.0605189811241965,41.021744620727794,-0.002637916143574
sCs,Fgf2,Fgfr1,FAPs,0.0,0.0183236666666668,-0.0403783110817388,0.0,4.506200333333339,0.1278495416871489,11.716480396241195,-0.002929385463103
sCs,Epha4,Efnb1,FAPs,0.0,0.2204069999999989,-0.0115395362255544,0.0,1.6956246666666672,0.0030605506129308,3.421228997757444,-0.0031188634120032
sCs,Ntn1,Neo1,FAPs,0.0,-0.5150140000000007,-0.0484343342746895,0.0,16.362662666666658,0.1261120391344954,44.56238740584482,-0.0032918300984047
sCs,Adm,Ramp2,FAPs,-0.33333333333333337,0.064860666666666,-0.0115777506283485,0.0,0.6475039999999979,-0.00217353072913,2.8586986810055635,-0.0036491274529483
sCs,Cxcl13,Cxcr5,FAPs,0.0,0.1124019999999999,-0.0837899107066409,-0.33333333333333337,-0.057386,0.1624271966925509,0.0411350158693332,-0.0038639729211292
sCs,Adam15,Itga9,FAPs,0.0,0.217187,-0.0031222157757843,0.0,0.0773996666666669,-0.0837390999397288,0.9342580744026652,-0.0039693090991416
sCs,Clcf1,Cntfr,FAPs,0.0,-1.9319946666666672,0.0252390437100078,0.0,2.8342973333333337,-0.0526382047480866,4.705349853731555,-0.0045112688664328
sCs,Psap,Gpr37l1,FAPs,0.0,8.03504199999999,0.0020950231389651,0.0,0.026919,-0.140973052938482,3.31559595622066,-0.0045968372238558
sCs,Cgn,F11r,FAPs,0.0,0.0338766666666667,-0.5172365890147467,-0.3333333333333333,-0.0959516666666667,-0.0040324079847215,0.001262158915,-0.0050380481303784
sCs,Igfbp4,Lrp6,FAPs,0.0,-0.7221903333333302,-0.0112186437883559,0.0,4.609527666666665,0.0046556989523316,18.768870231861968,-0.0051357134041482
sCs,Wnt10a,Fzd8,FAPs,0.3333333333333333,0.0767306666666666,0.0,0.0,0.1199276666666708,-0.0051500704144272,0.903306720287334,-0.0051500704144272
sCs,Wnt7b,Fzd8,FAPs,0.3333333333333333,0.19863,0.0,0.0,0.1199276666666708,-0.0051500704144272,2.345719783356557,-0.0051500704144272
sCs,Ccl21b,Ccr10,FAPs,0.33333333333333337,-0.0346809999999999,0.0706618471365496,0.0,0.5188596666666667,-0.0828413659145484,0.1029073255753333,-0.0069075669873608
sCs,Col4a3,Itgav,FAPs,0.0,0.138334,-0.0422311131939343,0.0,4.11897033333333,0.0318711426356626,8.80808058842755,-0.0069894865701618
sCs,Sema3f,Nrp1,FAPs,0.0,0.5050206666666659,-0.0277022351994948,0.0,6.923894333333315,-0.0108400112645613,40.79381310363151,-0.0073363425549453
sCs,Efna5,Epha2,FAPs,0.33333333333333337,0.1760923333333333,0.0285848734870011,0.0,-0.372623,-0.0346205970511824,0.0054402356203333,-0.0075147067353608
sCs,Wnt11,Fzd8,FAPs,0.33333333333333337,0.0849096666666667,-0.0114877822292698,0.0,0.1199276666666708,-0.0051500704144272,1.0445803352916665,-0.0080883297016546
sCs,Efnb3,Ephb4,FAPs,0.3333333333333333,0.4855016666666666,0.0138893073233071,0.0,0.2205716666666681,-0.0301993740456354,4.216954771028335,-0.0093510654591373
sCs,Sema3f,Plxna3,FAPs,0.0,0.5050206666666659,-0.0277022351994948,0.0,-0.3464833333333335,0.0932589703123845,2.5693929743626605,-0.009541043932267
sCs,Nts,Sort1,FAPs,0.0,-0.0655996666666667,-0.1260715976333712,0.0,0.8359536666666669,0.0469411219237679,0.1338240330556666,-0.0096093639867886
sCs,Cxcl12,Cd4,FAPs,0.0,31.335024666666676,0.0172437910744707,0.0,2.6883023333333336,-0.1478417766817866,288.6886277209855,-0.0108880937137561
sCs,Fgf2,Nrp1,FAPs,0.0,0.0183236666666668,-0.0403783110817388,0.0,6.923894333333315,-0.0108400112645613,16.641382682020605,-0.011659165815268
sCs,Fgf2,Fgfr3,FAPs,0.0,0.0183236666666668,-0.0403783110817388,0.0,0.1125950000000001,-0.0412687468719208,0.2654341436755558,-0.0120745024731486
sCs,Cxcl12,Itgb3,FAPs,0.0,31.335024666666676,0.0172437910744707,0.0,-2.911823666666667,-0.1969285957820286,65.4267775104565,-0.0124048180820559
sCs,Amelx,Lamp1,FAPs,-0.6666666666666667,0.0884456666666667,-0.098750202007592,0.0,14.752158666666716,0.0248175172180096,22.526189390379244,-0.0125422796628282
sCs,Serping1,Lrp1,FAPs,0.0,-5.112344666666672,-0.0377218125637404,0.0,62.08800733333328,0.1021560537671428,4471.122741174469,-0.0128008297691046
sCs,Adm,Ramp3,FAPs,-0.33333333333333337,0.064860666666666,-0.0115777506283485,-0.33333333333333337,0.0076223333333332,-0.2790922890807703,0.0386378265255555,-0.0151514919812324
sCs,Mfge8,Pdgfrb,FAPs,0.0,16.542253333333335,-0.0122982953299702,0.0,30.009803999999995,-0.0209366366373869,2613.992528985967,-0.0153010539414678
sCs,Fgf2,Sdc2,FAPs,0.0,0.0183236666666668,-0.0403783110817388,0.0,3.20153599999999,0.0725438321500909,8.823124414333307,-0.0169523489986097
sCs,Qrfp,P2ry14,FAPs,0.0,-0.1263713333333333,-0.1267277915328829,0.0,2.8817493333333326,0.1438172621480444,0.2766372825835561,-0.0175274089371428
sCs,Il1rapl1,Ptprf,FAPs,0.0,0.104841,0.0,0.0,-2.155550999999999,-0.0229745653690967,0.330258991706,-0.0229745653690967
sCs,Artn,Ret,FAPs,0.33333333333333337,0.134779,-0.1037163160350423,0.0,-2.2673929999999998,0.2136314996224599,0.1533913687570001,-0.0241133324031762
sCs,Ccl11,Ackr4,FAPs,0.0,-0.5419343333333329,-0.0361184341113942,0.0,0.0663646666666667,0.023705481350695,0.0084416160522229,-0.0247917886366713
sCs,Angpt4,Tek,FAPs,0.0,0.0686789999999999,-0.0623849195030273,0.0,-0.8253823333333301,-0.073716450368909,0.5701223333450001,-0.0252899989785456
sCs,Pdgfb,Pdgfrb,FAPs,0.0,-1.0069750000000006,-0.0523676911396968,0.0,30.009803999999995,-0.0209366366373869,5.661176568890284,-0.0282745863304392
sCs,Efnb1,Epha4,FAPs,0.0,-0.1900223333333328,-0.0599268917362917,0.0,4.130525999999998,0.0409174599662987,7.722108800699221,-0.0286287662051537
sCs,Bmp2,Acvr2b,FAPs,0.0,1.6010696666666662,-0.1256578549406095,0.0,-0.1693026666666665,-0.0407607828426929,0.2099452547124449,-0.0316344016237832
sCs,Lgi4,Adam11,FAPs,0.0,1.4971133333333342,-0.0281326704712679,0.0,-0.2692479999999999,-0.0749854513955853,0.541208430684444,-0.0339667005904674
sCs,Efna4,Epha4,FAPs,0.0,-0.066089,-0.0707350790830781,0.0,4.130525999999998,0.0409174599662987,0.7461565753483352,-0.0345486636482505
sCs,Bmp2,Bmpr2,FAPs,0.0,1.6010696666666662,-0.1256578549406095,0.0,3.13319933333333,0.0225743090565149,81.49312337676292,-0.0351407274804131
sCs,Angpt2,Tek,FAPs,0.0,1.2544226666666658,-0.12064965093894,0.0,-0.8253823333333301,-0.073716450368909,9.904307624535974,-0.0374475028529819
sCs,Bmp2,Eng,FAPs,0.0,1.6010696666666662,-0.1256578549406095,0.0,3.969927666666664,-0.0393335841655926,82.40386408887258,-0.0385478936357883
sCs,Pgf,Nrp2,FAPs,0.0,0.0495620000000001,-0.3533323968136523,0.0,2.070911333333332,0.0214905029023203,2.769940276049107,-0.039633674691977
sCs,Bmp2,Bmpr1a,FAPs,0.0,1.6010696666666662,-0.1256578549406095,0.0,1.840059999999994,0.0930285709255271,69.9424454659583,-0.0398995295581805
sCs,Bmp2,Rgmb,FAPs,0.0,1.6010696666666662,-0.1256578549406095,0.0,-1.994340000000001,0.046838497630485,49.360920571133775,-0.04666605796846
sCs,Bmp2,Acvr2a,FAPs,0.0,1.6010696666666662,-0.1256578549406095,0.0,-1.4318706666666683,0.0284594783037728,41.21953876545514,-0.0471219829082154
sCs,Cadm1,Cadm3,FAPs,0.0,0.4352293333333343,-0.1096948177299703,0.0,1.5193849999999998,0.106917933366929,7.3264080475065505,-0.0472435507722824
sCs,Amelx,Cd63,FAPs,-0.6666666666666667,0.0884456666666667,-0.098750202007592,0.0,-19.720606333333397,-0.0170380448501181,3.1626682580152874,-0.0478808176825321
sCs,Vtn,Itgb3,FAPs,0.0,21.059356333333326,0.0984900854311472,0.0,-2.911823666666667,-0.1969285957820286,12.953891829268713,-0.0490555085176087
sCs,Ltbp1,Itgb5,FAPs,0.0,-3.406906333333339,-0.121004904684964,0.0,8.355725666666658,-0.0116391675805497,91.79293696391892,-0.0551055443482182
sCs,Cxcl13,Ackr4,FAPs,0.0,0.1124019999999999,-0.0837899107066409,0.0,0.0663646666666667,0.023705481350695,0.111017153508,-0.057049114569703
sCs,Ntf3,Ntrk2,FAPs,-0.33333333333333337,0.6584716666666668,-0.0900201018287302,0.0,10.202193000000012,0.0435389172525494,42.986931306879775,-0.0619779832609479
sCs,Crlf1,Cntfr,FAPs,0.0,0.5157103333333328,-0.0441660448884857,0.0,2.8342973333333337,-0.0526382047480866,17.881466344682877,-0.0628655398834163
sCs,Snca,Lag3,FAPs,-0.6666666666666667,0.2265083333333332,-0.0335387058422328,0.0,1.14684466666667,-0.0544243632298962,2.845523560227888,-0.063337950633322
sCs,Cxcl13,Ccr10,FAPs,0.0,0.1124019999999999,-0.0837899107066409,0.0,0.5188596666666667,-0.0828413659145484,0.3479528285186667,-0.0634891120515695
sCs,Artn,Gfra1,FAPs,0.33333333333333337,0.134779,-0.1037163160350423,0.0,4.395491000000002,0.0834161380480005,3.773483778644332,-0.0665132356925399
sCs,Lgi4,Adam22,FAPs,0.0,1.4971133333333342,-0.0281326704712679,0.0,-0.9985236666666668,-0.1880952176551862,3.400227623622781,-0.068189459142835
sCs,Ccl25,Ccr10,FAPs,0.0,-2.6179050000000004,-0.0760315951371038,0.0,0.5188596666666667,-0.0828413659145484,1.4321343626812224,-0.0702672755432612
sCs,Ntf3,Ntrk1,FAPs,-0.33333333333333337,0.6584716666666668,-0.0900201018287302,0.0,0.1321250000000001,0.0137588996368613,0.4911070969066666,-0.0789854628880769
sCs,Reln,Itgb1,FAPs,0.0,0.0063176666666677,-0.2435210247174287,0.0,5.793466999999993,0.003143800849842,19.48394261219687,-0.0819044087456891
sCs,Pgf,Nrp1,FAPs,0.0,0.0495620000000001,-0.3533323968136523,0.0,6.923894333333315,-0.0108400112645613,10.774561052116084,-0.0870540671657007
sCs,Nppc,Npr3,FAPs,0.0,3.6939263333333336,0.1789834299044391,-0.33333333333333337,-0.3958156666666668,-0.3004670688949185,1.584314260685778,-0.1009430735449007
sCs,Ngf,Ntrk1,FAPs,0.0,4.4447426666666665,-0.1351330942254065,0.0,0.1321250000000001,0.0137588996368613,1.4193528754679998,-0.1128916864755995
sCs,Gm13306,Ccr10,FAPs,0.0,0.0775899999999999,-0.4615101223970645,0.0,0.5188596666666667,-0.0828413659145484,0.2209483990254445,-0.3166548129556289
sCs,Prok1,Prokr1,FAPs,0.0,0.0071256666666666,-0.9467127010720529,0.0,0.1647040000000004,0.0097058486884756,0.0705882936727778,-0.8814062136005502
